duration,packet_size,failed_logins,request_rate,Attack_Label
494,911,2,176,0
125,451,5,164,0
616,1218,9,208,1
525,1045,3,328,1
835,870,6,401,1
722,511,10,47,1
975,459,10,27,1
479,1355,9,206,1
556,1005,2,425,1
245,876,1,166,0
5,380,1,75,0
811,651,4,150,0
914,553,2,127,0
682,881,3,401,1
828,1454,1,220,0
382,1475,8,376,1
274,1229,0,141,0
827,1458,2,173,0
665,293,3,345,1
347,475,9,464,1
328,1354,8,231,1
848,105,5,334,1
673,1463,5,375,1
96,835,9,388,1
222,1165,9,433,1
394,341,4,160,0
518,489,5,305,1
280,1145,10,127,1
413,854,4,209,0
374,1008,6,76,1
565,520,1,357,1
597,382,7,421,1
181,521,3,332,1
122,260,1,248,0
480,1421,3,325,1
62,81,6,84,1
210,1414,1,430,1
530,720,10,159,1
644,1131,7,149,1
938,1143,1,285,0
360,1208,0,55,0
427,625,3,65,0
527,550,10,249,1
933,805,6,452,1
788,560,8,245,1
367,578,5,125,0
727,1228,10,149,1
302,298,4,470,1
137,1347,5,396,1
266,1325,8,395,1
31,1343,1,230,0
843,381,6,384,1
813,1364,3,47,0
128,1278,6,288,1
48,1265,7,298,1
679,522,10,79,1
921,139,0,106,0
18,1225,0,252,0
675,816,8,461,1
275,894,7,40,1
630,1210,0,292,0
688,954,10,344,1
308,1469,2,11,0
168,454,9,359,1
926,937,4,167,0
704,1088,2,379,1
437,437,2,292,0
613,1065,5,302,1
680,507,1,298,0
682,1325,4,393,1
792,671,0,22,0
462,393,0,149,0
925,71,10,427,1
340,1258,1,244,0
709,885,2,474,1
111,1003,9,271,1
586,587,5,222,0
87,1025,0,457,1
962,123,9,413,1
446,475,0,210,0
788,300,10,275,1
847,288,5,298,0
298,581,8,101,1
370,821,4,100,0
522,1168,10,301,1
658,1059,7,322,1
598,652,10,475,1
669,212,4,471,1
998,965,0,116,0
416,65,1,204,0
570,1073,4,110,0
907,59,3,343,1
889,1089,9,336,1
597,1090,4,457,1
808,1267,2,408,1
919,1396,2,424,1
762,665,5,351,1
398,401,3,309,1
405,1044,4,70,0
536,1267,6,95,1
532,79,5,355,1
232,311,5,186,0
479,1482,6,70,1
655,545,4,299,0
285,1041,3,184,0
997,737,4,428,1
701,1496,9,493,1
294,156,2,67,0
394,1255,10,165,1
233,158,0,207,0
650,244,9,344,1
47,1123,9,45,1
814,1090,4,216,0
803,886,6,178,1
425,335,7,80,1
36,203,9,174,1
300,315,0,378,1
666,1069,10,350,1
806,1035,6,93,1
514,53,10,435,1
582,464,1,235,0
539,446,10,158,1
552,352,1,187,0
851,556,5,107,0
384,706,8,312,1
909,720,7,268,1
860,1413,4,114,0
427,568,7,31,1
912,515,2,308,1
254,1232,2,362,1
800,1279,8,279,1
704,492,4,140,0
200,1087,2,402,1
281,1364,6,295,1
265,1097,0,208,0
502,207,2,429,1
823,1165,5,331,1
46,1204,7,317,1
70,582,6,8,1
896,347,9,352,1
962,367,0,313,1
676,794,9,68,1
753,528,3,362,1
797,568,3,442,1
747,811,1,218,0
707,342,2,492,1
380,1496,6,485,1
685,736,4,62,0
235,174,6,217,1
416,795,1,154,0
625,494,8,88,1
397,43,3,478,1
766,1281,6,88,1
734,1081,10,239,1
275,1209,8,292,1
989,237,0,216,0
667,1150,4,302,1
39,496,0,75,0
116,168,6,325,1
857,223,2,395,1
221,29,8,437,1
985,39,1,319,1
219,955,8,433,1
972,1414,10,323,1
706,1089,3,445,1
54,1037,8,136,1
751,814,9,409,1
733,610,6,2,1
377,606,10,388,1
864,522,10,163,1
961,728,5,149,0
602,974,4,121,0
369,1498,5,116,0
48,102,5,116,0
227,1338,3,484,1
282,271,4,84,0
956,728,0,309,1
649,123,5,34,0
382,848,4,471,1
184,328,0,140,0
167,1202,10,97,1
120,77,10,63,1
769,614,6,233,1
467,1188,6,343,1
460,914,8,458,1
478,574,0,140,0
841,123,10,477,1
326,299,2,31,0
777,344,3,498,1
909,502,10,440,1
282,1121,6,152,1
371,256,1,390,1
391,412,4,234,0
404,1246,3,389,1
861,1348,4,215,0
253,732,6,434,1
168,211,7,491,1
291,1328,3,35,0
177,1260,8,492,1
554,1390,5,70,0
194,941,4,165,0
393,186,6,298,1
786,561,5,119,0
454,1340,3,417,1
151,45,2,254,0
667,866,3,381,1
890,499,8,266,1
601,689,6,10,1
755,1065,1,166,0
455,1268,10,153,1
955,316,2,340,1
855,332,9,25,1
362,43,5,254,0
870,145,7,66,1
841,1039,4,487,1
627,405,10,43,1
762,960,9,52,1
792,1006,3,227,0
177,937,3,57,0
13,1060,8,109,1
432,37,7,473,1
744,1436,9,409,1
988,737,5,159,0
273,355,6,336,1
191,655,6,320,1
376,630,7,99,1
584,178,1,163,0
663,995,10,62,1
235,1234,10,112,1
700,1419,5,85,0
229,1394,7,56,1
641,1368,6,18,1
956,589,1,399,1
203,516,4,202,0
572,1436,8,377,1
257,156,6,411,1
268,1382,9,39,1
705,1335,7,97,1
63,1007,4,249,0
544,389,3,357,1
552,567,6,147,1
367,1420,3,169,0
541,677,6,317,1
596,524,2,87,0
820,126,4,356,1
582,989,7,403,1
706,581,7,483,1
110,764,0,45,0
64,962,7,3,1
657,1340,6,167,1
718,1288,3,268,0
620,232,4,478,1
966,191,9,32,1
489,519,0,339,1
399,331,2,437,1
692,268,3,327,1
991,919,5,316,1
928,46,1,485,1
674,852,6,450,1
207,1304,10,225,1
432,1272,10,381,1
270,1148,2,307,1
237,1135,5,471,1
290,658,3,149,0
333,455,3,424,1
613,29,4,146,0
490,1326,9,280,1
886,955,7,379,1
882,1016,7,296,1
551,933,8,333,1
682,966,9,494,1
176,1460,3,124,0
648,963,4,417,1
252,947,4,120,0
383,752,5,378,1
980,1495,5,397,1
539,1276,0,158,0
818,599,6,137,1
230,723,9,247,1
534,355,3,181,0
687,1411,10,170,1
914,1134,0,170,0
553,1480,2,79,0
358,865,3,39,0
553,791,6,86,1
557,540,7,328,1
48,246,8,455,1
521,1207,2,441,1
991,619,4,358,1
713,788,0,92,0
411,1430,0,206,0
509,565,5,125,0
719,194,10,366,1
129,1123,1,257,0
989,694,2,19,0
388,959,0,358,1
720,249,8,493,1
581,493,8,446,1
308,81,1,185,0
297,443,5,477,1
617,825,10,343,1
628,1065,1,201,0
709,974,10,319,1
805,20,0,420,1
36,1060,0,182,0
440,961,8,339,1
944,784,3,330,1
527,508,10,119,1
269,569,10,237,1
265,1168,3,500,1
89,1390,6,411,1
513,781,3,293,0
482,217,7,374,1
708,496,10,396,1
578,556,7,143,1
607,680,7,139,1
585,145,2,105,0
881,145,3,419,1
552,712,4,328,1
792,1069,9,466,1
447,822,9,76,1
199,941,7,178,1
861,411,3,190,0
992,1202,1,481,1
452,1250,4,124,0
678,235,2,332,1
994,237,2,133,0
846,1200,9,427,1
906,1437,7,51,1
83,452,6,207,1
198,1060,7,360,1
339,822,2,172,0
101,1151,3,425,1
551,614,7,458,1
871,1140,3,77,0
297,910,7,160,1
274,1453,0,121,0
133,958,4,156,0
83,617,0,382,1
11,1251,4,440,1
671,1171,5,56,0
385,1021,3,343,1
522,931,10,444,1
920,1355,0,350,1
497,395,2,3,0
653,507,0,430,1
694,1189,9,71,1
595,494,7,184,1
812,805,3,147,0
742,1013,8,250,1
89,153,7,108,1
933,688,3,421,1
659,1264,6,301,1
856,1041,0,136,0
403,1092,9,326,1
297,1359,3,184,0
780,628,6,136,1
879,1345,1,261,0
678,1187,3,475,1
30,374,0,244,0
882,340,6,237,1
380,273,3,65,0
162,471,5,35,0
464,658,9,354,1
35,1424,3,39,0
567,338,0,83,0
924,669,10,295,1
276,1056,10,487,1
641,445,8,364,1
815,144,1,397,1
467,779,5,154,0
865,696,3,458,1
991,735,2,262,0
706,138,9,342,1
932,531,5,66,0
404,1388,10,108,1
314,586,7,406,1
957,1293,10,35,1
733,214,8,482,1
918,182,2,201,0
830,588,2,273,0
913,1227,10,147,1
695,218,6,36,1
534,498,3,455,1
267,1138,10,23,1
22,647,7,424,1
793,380,8,219,1
562,1130,7,289,1
529,1306,3,261,0
594,418,8,214,1
739,1205,9,161,1
412,339,1,137,0
526,883,0,351,1
726,754,7,2,1
508,834,6,490,1
871,763,10,202,1
828,1160,10,453,1
264,948,1,371,1
70,1060,5,451,1
598,257,6,95,1
256,508,10,327,1
334,708,10,177,1
535,172,0,362,1
287,706,5,402,1
951,1290,1,368,1
901,1001,7,475,1
709,848,1,307,1
705,1328,0,433,1
167,942,1,1,0
196,1123,3,388,1
638,1489,7,455,1
789,422,6,415,1
565,1230,6,395,1
127,1311,10,192,1
108,370,2,89,0
74,1372,9,162,1
741,538,8,128,1
99,35,8,84,1
438,480,6,492,1
881,823,9,86,1
96,777,8,216,1
830,1183,6,153,1
763,160,6,58,1
593,604,9,239,1
755,1078,7,216,1
639,1193,2,165,0
156,1441,10,344,1
833,190,1,233,0
572,423,6,316,1
587,1367,1,155,0
783,1002,7,353,1
530,140,8,480,1
954,531,2,57,0
80,894,4,306,1
454,604,1,368,1
574,737,4,407,1
989,221,1,210,0
763,491,1,85,0
936,1027,3,444,1
678,164,2,318,1
485,403,10,217,1
20,375,0,443,1
196,303,6,242,1
856,272,6,372,1
553,647,5,172,0
765,1460,7,67,1
198,940,6,53,1
229,914,2,464,1
657,647,9,27,1
984,1412,5,265,0
981,131,4,469,1
211,76,9,439,1
282,220,9,73,1
966,1460,5,9,0
771,660,0,422,1
571,1164,3,375,1
758,113,8,91,1
555,493,0,402,1
520,192,9,409,1
260,1263,4,194,0
106,1084,0,425,1
238,452,3,213,0
542,1277,0,183,0
297,253,0,281,0
936,84,1,65,0
192,1457,9,243,1
212,507,2,230,0
692,1002,0,170,0
256,1280,1,464,1
613,767,10,8,1
113,261,7,64,1
261,913,1,194,0
653,28,0,94,0
99,1256,6,250,1
611,1184,5,279,0
505,264,7,102,1
548,123,8,438,1
528,944,1,47,0
422,1364,10,243,1
431,1165,2,260,0
875,688,7,470,1
723,33,5,132,0
385,733,7,460,1
872,600,1,184,0
250,91,5,425,1
434,194,2,497,1
767,1099,4,483,1
64,75,7,427,1
834,1112,8,178,1
524,1147,8,123,1
234,547,1,28,0
102,482,6,249,1
594,1029,5,200,0
533,140,10,114,1
43,924,4,88,0
169,518,4,427,1
205,270,8,207,1
827,1396,5,13,0
48,235,1,53,0
697,1167,9,421,1
687,361,3,416,1
250,789,6,82,1
901,1217,6,246,1
154,761,7,258,1
110,1100,0,440,1
23,826,0,350,1
450,1269,3,125,0
268,826,7,249,1
333,639,3,471,1
757,588,7,477,1
360,1407,4,464,1
940,866,8,57,1
255,623,8,485,1
867,329,6,454,1
288,1108,5,281,0
467,1087,7,56,1
507,540,10,440,1
216,1011,10,133,1
972,676,8,185,1
399,1201,0,382,1
928,1378,6,105,1
147,1324,2,177,0
546,1353,8,330,1
742,565,4,109,0
319,506,5,466,1
672,445,3,151,0
681,821,6,315,1
221,1158,7,28,1
65,905,10,73,1
794,780,0,205,0
630,309,10,52,1
837,883,3,166,0
80,723,2,85,0
260,1096,7,143,1
569,348,10,361,1
982,1469,5,355,1
836,364,4,71,0
197,238,3,33,0
941,1286,4,457,1
319,960,9,246,1
845,299,5,350,1
402,666,4,207,0
402,1314,9,227,1
716,709,10,295,1
583,592,2,418,1
154,265,2,486,1
419,1168,1,396,1
429,318,5,283,0
550,87,0,413,1
365,211,4,87,0
947,574,10,235,1
364,310,1,18,0
160,344,7,295,1
51,1439,1,441,1
380,1006,7,320,1
842,1334,7,340,1
58,38,0,13,0
653,257,8,498,1
481,895,3,418,1
26,218,10,102,1
153,1327,0,376,1
591,651,0,9,0
75,696,9,325,1
253,1356,10,214,1
653,212,3,409,1
921,289,3,116,0
419,1243,6,158,1
134,781,4,492,1
36,336,3,448,1
970,392,1,99,0
931,161,9,303,1
672,635,2,226,0
193,1240,1,399,1
275,895,6,360,1
982,809,1,359,1
735,446,5,38,0
510,867,8,166,1
48,1012,8,43,1
321,180,2,23,0
423,935,5,84,0
521,278,9,320,1
185,211,8,164,1
646,275,0,476,1
342,1104,8,152,1
579,1244,5,175,0
271,95,2,100,0
428,1467,2,398,1
958,226,4,275,0
236,50,0,436,1
128,939,2,296,0
831,156,1,403,1
770,1268,6,60,1
591,921,1,270,0
524,227,8,319,1
350,87,2,463,1
53,508,3,83,0
372,277,6,384,1
356,163,0,198,0
539,717,2,39,0
757,895,8,496,1
497,216,9,248,1
988,239,4,37,0
571,545,5,400,1
118,291,6,409,1
808,41,3,120,0
517,134,2,176,0
199,171,9,147,1
144,672,1,176,0
833,850,7,150,1
17,1177,4,19,0
910,621,8,58,1
77,957,2,105,0
904,1327,2,31,0
999,976,9,66,1
817,827,1,84,0
123,913,5,376,1
853,1360,0,490,1
826,159,7,495,1
276,1474,3,48,0
573,457,2,360,1
86,620,5,238,0
898,1340,9,98,1
509,23,1,389,1
484,1037,1,129,0
628,867,3,481,1
504,269,4,473,1
975,1485,0,58,0
780,1129,2,128,0
987,946,5,139,0
814,1026,9,295,1
510,896,4,36,0
251,834,6,207,1
558,62,7,72,1
360,21,7,280,1
592,774,7,256,1
323,1133,6,131,1
369,553,10,322,1
550,91,2,434,1
274,1026,10,240,1
685,227,3,91,0
499,829,1,51,0
196,534,7,220,1
893,134,0,225,0
900,952,6,206,1
836,422,7,224,1
436,34,4,148,0
302,198,2,263,0
708,870,3,145,0
924,776,3,159,0
111,1477,1,55,0
157,910,3,313,1
917,1432,3,212,0
306,496,1,16,0
489,1335,4,170,0
387,448,0,146,0
480,211,9,496,1
129,1228,6,379,1
666,1238,7,331,1
849,821,7,201,1
941,183,2,273,0
179,667,9,428,1
636,503,9,254,1
645,1345,0,307,1
348,317,6,456,1
42,747,4,219,0
287,91,9,6,1
373,1332,1,258,0
905,258,5,496,1
806,472,9,110,1
854,1381,4,216,0
451,1087,3,427,1
374,722,5,48,0
600,1045,6,95,1
255,424,0,175,0
10,864,1,237,0
593,956,10,74,1
343,634,5,236,0
974,528,4,113,0
417,1495,0,180,0
420,361,6,435,1
961,1414,3,468,1
432,572,10,130,1
636,199,7,186,1
383,308,4,394,1
589,1162,9,400,1
138,338,3,264,0
564,755,5,373,1
616,1458,7,370,1
895,1038,8,496,1
937,856,9,103,1
340,475,3,484,1
263,548,6,225,1
842,1172,5,175,0
412,1146,7,280,1
693,651,4,253,0
657,824,4,282,0
587,1068,5,210,0
962,356,5,63,0
324,202,2,300,0
81,506,2,89,0
259,1172,1,332,1
771,946,5,458,1
542,960,9,177,1
343,716,9,98,1
241,516,1,195,0
92,1183,0,447,1
814,1270,8,240,1
776,358,3,205,0
428,243,8,297,1
678,887,9,146,1
556,824,3,76,0
120,318,4,276,0
61,1077,8,25,1
346,790,1,372,1
467,772,10,229,1
393,591,7,403,1
960,524,10,305,1
869,1434,6,119,1
575,1298,9,461,1
347,930,2,325,1
915,649,9,95,1
138,654,2,156,0
236,972,4,265,0
627,835,3,319,1
692,125,7,379,1
524,138,8,16,1
364,590,2,361,1
807,725,7,290,1
21,575,6,154,1
115,1135,5,481,1
775,1155,2,482,1
528,38,10,25,1
921,464,2,288,0
799,1319,6,212,1
350,1492,6,411,1
343,1059,2,238,0
94,46,0,32,0
195,1254,5,234,0
746,327,9,151,1
408,415,9,5,1
791,1209,10,30,1
820,657,3,315,1
77,469,8,374,1
911,485,0,138,0
11,334,10,245,1
231,758,9,189,1
272,917,0,80,0
239,482,6,217,1
895,740,2,479,1
2,1144,3,485,1
801,702,9,415,1
437,1247,2,250,0
945,780,0,128,0
810,179,5,32,0
623,964,7,21,1
392,974,6,188,1
768,1274,5,353,1
796,1422,3,465,1
730,1235,0,196,0
933,628,3,20,0
736,235,0,179,0
730,1462,5,455,1
124,792,2,28,0
210,86,7,459,1
582,1487,4,340,1
36,931,6,6,1
970,540,3,432,1
61,435,5,210,0
47,431,4,92,0
461,776,7,462,1
54,808,6,253,1
254,125,8,379,1
262,760,5,416,1
552,400,2,82,0
842,606,2,73,0
658,1173,7,72,1
260,1353,5,480,1
169,943,9,479,1
31,1068,8,293,1
170,514,9,398,1
434,920,9,267,1
973,335,8,40,1
683,498,3,204,0
783,312,5,380,1
911,418,6,7,1
396,1206,0,218,0
551,980,3,377,1
681,921,4,164,0
609,783,10,226,1
929,692,4,28,0
196,946,4,296,0
826,485,10,449,1
366,999,0,229,0
337,385,0,352,1
75,355,3,187,0
189,771,6,247,1
820,137,4,181,0
589,1070,9,303,1
86,167,1,147,0
111,1448,8,306,1
571,154,5,343,1
150,1338,7,9,1
256,485,10,140,1
868,873,2,1,0
54,849,3,212,0
407,459,1,153,0
65,715,9,267,1
388,1358,8,229,1
546,630,1,404,1
859,1185,8,284,1
905,1062,7,273,1
916,195,6,289,1
961,224,0,50,0
401,307,4,79,0
916,1064,8,267,1
321,1466,9,208,1
655,1251,8,486,1
470,1224,8,208,1
593,347,3,64,0
79,1010,6,165,1
551,1162,8,399,1
590,851,8,468,1
512,345,2,396,1
205,489,9,403,1
599,1224,9,167,1
613,420,0,383,1
840,200,8,329,1
848,749,4,42,0
171,448,2,242,0
386,1261,8,442,1
257,482,10,388,1
998,473,3,500,1
647,252,5,147,0
978,796,9,42,1
162,1186,7,112,1
314,1087,0,287,0
832,1481,0,494,1
358,958,10,284,1
304,510,2,131,0
397,604,0,36,0
123,850,8,401,1
835,1009,10,13,1
862,876,7,80,1
959,334,10,144,1
40,1380,3,359,1
410,667,7,75,1
814,690,2,350,1
901,898,5,346,1
373,423,8,176,1
898,652,6,40,1
821,378,5,401,1
232,791,5,203,0
467,1287,4,456,1
227,242,2,13,0
191,945,4,165,0
691,623,7,132,1
282,1234,0,462,1
350,731,7,78,1
486,1480,1,270,0
257,1134,4,426,1
669,892,1,321,1
602,531,2,389,1
98,301,9,388,1
631,963,8,381,1
406,585,6,88,1
471,677,8,140,1
514,1059,9,112,1
608,1498,5,471,1
678,953,2,115,0
120,786,9,352,1
577,837,4,80,0
876,505,3,92,0
554,755,1,400,1
466,992,7,330,1
567,847,7,463,1
607,1420,6,50,1
446,591,8,139,1
272,1408,2,439,1
801,250,2,424,1
15,855,3,336,1
62,366,1,353,1
668,978,0,374,1
373,686,5,342,1
544,690,2,22,0
219,1382,10,32,1
381,1219,8,94,1
267,1378,0,484,1
620,1353,8,243,1
34,914,0,128,0
272,1496,9,309,1
660,1363,9,151,1
784,442,9,141,1
776,812,9,413,1
960,1052,8,281,1
360,1435,7,497,1
734,1364,5,416,1
16,1200,5,325,1
364,802,4,280,0
345,357,10,457,1
840,93,3,2,0
388,325,1,468,1
306,918,4,362,1
479,1416,2,60,0
301,106,3,436,1
296,678,9,242,1
653,425,2,147,0
236,299,5,308,1
614,658,5,108,0
756,271,9,489,1
980,319,2,131,0
203,960,4,229,0
113,1237,2,473,1
945,1315,0,304,1
341,545,6,457,1
717,207,2,291,0
288,428,10,274,1
786,864,3,3,0
183,478,2,243,0
306,962,1,81,0
836,861,6,338,1
186,349,3,149,0
303,1405,6,489,1
192,776,9,169,1
813,1039,1,204,0
351,1420,2,155,0
492,1092,7,99,1
454,1337,9,412,1
563,112,9,199,1
38,787,0,289,0
992,736,1,356,1
273,1095,9,288,1
585,1413,5,301,1
446,830,5,401,1
870,1148,4,24,0
127,1371,10,143,1
802,233,5,12,0
26,614,4,45,0
307,862,5,7,0
625,493,1,87,0
62,1281,8,479,1
909,803,10,109,1
5,180,0,161,0
416,1440,6,421,1
173,21,3,108,0
496,344,6,235,1
714,343,5,456,1
150,1032,2,304,1
885,406,3,412,1
327,963,8,307,1
418,705,6,185,1
595,1471,8,454,1
458,21,0,50,0
999,779,9,374,1
288,1270,3,337,1
877,1477,0,380,1
997,1077,9,253,1
317,454,5,315,1
280,733,4,66,0
812,998,8,386,1
677,188,9,159,1
646,793,6,391,1
681,302,4,384,1
594,454,2,35,0
19,1420,9,233,1
103,325,6,24,1
71,342,6,234,1
68,1442,3,414,1
840,1145,8,142,1
88,1417,8,311,1
917,334,4,379,1
425,182,6,236,1
228,574,6,487,1
464,508,8,98,1
888,75,4,499,1
523,519,6,270,1
133,1005,8,353,1
432,81,7,188,1
44,711,4,462,1
870,635,2,4,0
18,420,1,335,1
821,448,7,137,1
101,643,9,489,1
81,542,1,3,0
107,1290,6,177,1
509,86,10,238,1
434,531,4,26,0
385,947,9,110,1
575,927,0,229,0
519,823,3,469,1
209,35,5,190,0
548,1347,8,299,1
446,69,2,287,0
548,744,10,439,1
681,428,4,81,0
487,929,5,455,1
67,91,0,485,1
150,912,2,48,0
894,332,8,175,1
702,659,7,187,1
835,394,10,119,1
607,783,5,143,0
224,1153,7,438,1
541,1070,6,39,1
168,584,0,81,0
418,96,8,14,1
691,1311,2,362,1
287,181,10,373,1
316,1364,6,379,1
383,288,5,198,0
623,612,5,24,0
211,915,5,364,1
584,1441,5,136,0
872,889,7,96,1
270,500,1,231,0
844,994,3,233,0
469,942,4,258,0
436,418,1,135,0
701,364,10,170,1
132,861,5,161,0
503,112,0,150,0
687,1093,9,151,1
682,156,10,453,1
507,859,5,445,1
232,222,1,350,1
94,859,8,361,1
712,1485,0,9,0
489,1397,9,451,1
610,807,0,332,1
967,1138,3,53,0
220,749,9,200,1
778,823,2,237,0
712,456,8,8,1
335,1118,8,39,1
541,1437,9,460,1
345,179,7,42,1
816,168,8,155,1
122,324,6,115,1
937,748,7,480,1
157,1477,8,452,1
76,1201,6,47,1
706,751,7,435,1
530,1242,0,387,1
888,1451,7,368,1
577,554,10,280,1
561,380,5,40,0
838,1329,6,205,1
998,76,9,207,1
583,1273,9,401,1
447,395,8,395,1
62,1383,2,397,1
863,271,2,37,0
659,620,10,292,1
670,983,0,37,0
60,833,6,411,1
554,807,6,169,1
31,1027,5,442,1
681,379,5,12,0
364,1155,1,241,0
398,302,9,450,1
431,543,5,121,0
424,270,9,149,1
129,1007,3,378,1
958,896,5,393,1
55,1155,8,19,1
254,174,7,236,1
245,1315,4,219,0
28,804,1,174,0
280,1424,4,133,0
780,1109,9,162,1
613,159,3,108,0
744,889,2,164,0
410,1157,5,139,0
138,1376,1,310,1
849,897,3,167,0
749,1389,10,330,1
820,1402,8,459,1
105,1398,10,387,1
658,419,1,63,0
222,1326,0,275,0
667,1285,3,434,1
2,972,4,41,0
195,351,0,164,0
126,608,6,20,1
709,582,8,3,1
540,278,4,245,0
823,290,10,26,1
34,1297,1,123,0
641,1391,6,360,1
11,879,10,315,1
54,39,10,226,1
465,490,6,458,1
182,867,7,38,1
230,157,2,73,0
363,197,2,465,1
141,212,8,209,1
506,1477,8,7,1
751,342,8,442,1
599,752,2,136,0
154,396,3,263,0
707,990,9,467,1
550,1473,2,419,1
781,1157,9,437,1
847,539,3,232,0
49,583,6,224,1
14,1093,3,353,1
84,727,8,353,1
742,1240,2,129,0
909,824,5,169,0
559,300,4,228,0
12,1064,4,435,1
704,905,7,26,1
909,1173,9,89,1
666,403,7,185,1
491,904,0,497,1
691,158,8,240,1
881,855,1,365,1
240,1266,7,345,1
108,213,5,96,0
432,771,4,13,0
927,1101,9,361,1
236,1317,2,16,0
139,987,9,488,1
275,37,9,256,1
346,1472,5,412,1
389,1121,10,214,1
262,851,8,381,1
918,710,0,444,1
924,898,7,223,1
878,1189,8,279,1
809,1425,10,222,1
170,1244,9,143,1
842,55,9,152,1
975,1192,3,406,1
859,1012,5,32,0
338,1038,10,398,1
909,1258,3,255,0
17,1022,5,436,1
464,1223,1,229,0
368,728,3,334,1
583,1106,0,454,1
183,880,4,453,1
686,1198,2,130,0
978,815,7,409,1
614,164,3,86,0
564,1057,7,182,1
82,165,9,271,1
930,308,9,76,1
142,471,10,309,1
787,1042,5,48,0
784,40,0,415,1
347,976,10,422,1
192,1420,1,64,0
270,211,4,447,1
553,90,4,65,0
925,49,0,274,0
772,605,0,220,0
501,768,8,100,1
872,962,0,324,1
705,1256,2,468,1
735,525,6,175,1
143,338,6,198,1
745,1268,10,409,1
350,1027,7,226,1
552,433,2,4,0
68,749,3,132,0
569,1139,5,175,0
614,493,5,217,0
886,175,4,247,0
244,1257,6,93,1
753,503,3,241,0
420,882,4,93,0
38,219,4,490,1
523,159,8,338,1
813,766,1,141,0
170,1096,8,211,1
151,678,3,50,0
617,833,2,125,0
441,173,3,283,0
330,1227,0,307,1
885,939,8,456,1
119,206,9,56,1
295,48,2,8,0
793,1351,6,194,1
292,154,7,476,1
395,593,7,9,1
842,110,0,183,0
775,1065,0,82,0
566,1039,8,349,1
607,879,9,74,1
907,1461,7,47,1
491,968,1,164,0
583,1312,1,232,0
883,891,6,60,1
408,1469,0,316,1
883,1023,5,403,1
958,1259,7,165,1
344,927,5,221,0
722,78,4,73,0
693,75,1,418,1
363,338,5,408,1
888,298,1,428,1
700,144,2,474,1
913,772,1,108,0
509,1095,1,190,0
503,734,1,88,0
709,1175,10,58,1
956,1218,5,300,0
155,855,2,129,0
267,68,1,392,1
866,575,4,321,1
99,501,2,482,1
651,145,10,158,1
890,1028,5,300,0
359,1018,4,227,0
883,297,1,389,1
823,1380,3,386,1
684,992,1,83,0
767,967,4,20,0
149,858,8,137,1
835,535,3,342,1
741,553,10,276,1
580,521,1,425,1
251,76,5,311,1
192,1370,9,440,1
134,576,9,428,1
811,384,10,483,1
437,632,8,384,1
451,824,10,201,1
834,418,7,153,1
664,1122,1,394,1
837,998,6,105,1
75,62,9,385,1
257,487,8,377,1
874,312,8,62,1
110,38,8,152,1
290,51,8,346,1
168,414,8,485,1
655,356,4,266,0
445,426,7,398,1
15,130,10,472,1
484,268,3,170,0
668,806,5,427,1
390,450,5,276,0
266,1015,9,69,1
652,699,8,294,1
385,466,4,141,0
454,1454,5,297,0
49,377,7,119,1
263,378,8,390,1
181,433,1,249,0
804,1288,3,184,0
43,1458,2,44,0
437,407,3,338,1
160,1273,5,366,1
731,386,6,419,1
720,1067,10,142,1
674,1054,2,213,0
799,1074,4,54,0
641,166,5,143,0
915,539,4,328,1
777,382,9,138,1
23,1221,5,473,1
98,892,7,292,1
82,1309,8,461,1
335,1035,7,131,1
273,374,6,245,1
865,1469,2,167,0
140,695,10,76,1
155,228,10,64,1
982,1129,1,39,0
150,1180,0,334,1
385,996,7,184,1
575,853,5,14,0
810,539,6,323,1
310,726,10,14,1
799,1010,6,325,1
560,1356,1,448,1
122,1147,8,425,1
759,894,9,61,1
302,637,2,323,1
944,491,7,127,1
349,1277,1,315,1
106,832,0,221,0
208,1025,7,334,1
637,683,2,108,0
455,199,5,347,1
177,296,5,56,0
433,1163,10,52,1
431,762,2,63,0
43,918,0,458,1
161,1271,8,350,1
221,525,9,372,1
840,1195,6,143,1
858,472,5,212,0
714,947,5,102,0
85,1422,2,359,1
933,137,10,263,1
162,1103,2,292,0
471,944,3,147,0
708,1421,10,297,1
774,1448,6,227,1
70,660,10,436,1
920,508,5,83,0
577,1319,7,25,1
202,1392,5,151,0
474,562,7,439,1
592,796,9,480,1
563,213,7,150,1
713,1329,7,445,1
175,750,5,276,0
930,1015,4,153,0
900,269,1,228,0
669,1325,9,480,1
404,712,3,466,1
721,609,8,59,1
775,1195,1,257,0
969,777,3,264,0
554,1051,5,96,0
641,815,9,117,1
263,620,5,75,0
665,282,4,15,0
737,523,1,61,0
65,430,5,77,0
7,737,9,419,1
472,356,4,143,0
397,1303,5,348,1
795,198,1,465,1
901,1188,7,307,1
199,516,1,51,0
60,1023,8,276,1
747,370,9,306,1
57,1406,0,54,0
383,380,1,7,0
781,522,0,259,0
469,1365,1,145,0
344,1261,7,484,1
983,162,3,353,1
596,49,0,367,1
771,562,9,167,1
313,1397,3,152,0
459,86,2,177,0
293,545,0,127,0
558,469,4,409,1
829,809,8,459,1
526,596,0,18,0
83,140,7,203,1
39,496,2,335,1
38,398,9,66,1
191,783,10,487,1
993,997,0,78,0
229,620,1,209,0
142,771,6,240,1
924,834,7,186,1
552,486,5,252,0
269,1392,2,264,0
912,547,1,130,0
316,990,10,127,1
805,246,5,146,0
531,995,3,431,1
60,906,5,311,1
901,1197,6,284,1
316,762,0,127,0
356,198,10,326,1
704,1180,2,374,1
497,773,10,494,1
500,713,10,364,1
72,190,6,204,1
990,465,7,270,1
358,245,8,431,1
302,1347,6,83,1
314,141,4,95,0
208,638,5,421,1
334,430,4,218,0
825,191,1,290,0
649,1400,8,340,1
38,1268,4,408,1
16,213,5,307,1
162,114,5,220,0
576,1498,2,460,1
878,1418,4,208,0
589,1462,1,166,0
200,1468,1,369,1
207,1268,10,173,1
811,194,3,126,0
100,309,2,83,0
892,1206,4,316,1
265,721,6,112,1
82,700,9,263,1
292,1145,5,216,0
386,1349,0,322,1
918,453,3,205,0
832,1180,10,341,1
389,1359,9,332,1
213,860,1,321,1
543,520,3,58,0
231,578,0,326,1
598,1240,5,426,1
736,991,7,110,1
459,352,4,326,1
538,1177,0,64,0
781,377,0,343,1
529,1329,4,466,1
751,784,1,164,0
222,754,4,118,0
583,1045,7,241,1
773,263,10,142,1
375,1425,8,290,1
112,327,1,245,0
957,217,0,289,0
166,1430,5,179,0
21,982,4,66,0
741,1017,10,447,1
88,644,2,74,0
576,1318,6,290,1
621,838,6,477,1
164,883,9,15,1
945,56,10,364,1
837,507,2,245,0
860,1170,3,368,1
800,820,7,194,1
617,901,6,301,1
468,296,9,93,1
316,1445,0,239,0
672,494,9,50,1
335,378,8,156,1
654,1170,1,312,1
166,689,9,79,1
444,64,1,268,0
972,566,0,101,0
652,736,10,470,1
240,1463,8,277,1
915,1327,0,324,1
594,900,7,408,1
707,1150,0,118,0
706,485,8,33,1
870,930,2,369,1
238,398,1,267,0
230,230,5,348,1
645,1208,4,90,0
751,1454,10,225,1
992,612,0,14,0
846,910,10,369,1
304,413,6,2,1
836,732,6,292,1
410,378,1,13,0
274,617,6,459,1
520,1453,2,263,0
45,999,1,335,1
888,890,2,451,1
685,464,0,184,0
525,208,7,206,1
720,1265,6,101,1
109,624,9,449,1
523,327,5,253,0
759,78,9,148,1
124,736,10,218,1
784,1313,1,304,1
473,1459,8,497,1
220,792,8,174,1
210,247,2,477,1
143,514,10,38,1
531,536,3,305,1
441,1395,5,498,1
378,94,7,443,1
561,1471,4,382,1
863,1178,10,333,1
358,221,9,292,1
359,649,2,126,0
757,113,1,254,0
279,1381,0,60,0
665,238,10,397,1
929,760,7,269,1
166,521,8,110,1
18,524,4,400,1
800,155,8,429,1
740,1110,5,288,0
2,545,7,242,1
431,1228,10,57,1
1,1137,2,382,1
70,654,2,61,0
365,1311,10,30,1
899,1108,5,426,1
775,969,5,11,0
554,82,4,189,0
884,1230,0,40,0
855,290,8,159,1
42,218,4,489,1
489,746,3,264,0
257,1230,0,355,1
31,911,7,293,1
667,757,8,228,1
798,639,0,254,0
271,397,1,239,0
777,1253,10,117,1
193,1479,6,222,1
990,138,0,164,0
808,192,3,90,0
927,688,7,304,1
306,1008,7,96,1
245,834,2,213,0
844,1184,0,76,0
98,555,4,82,0
531,614,6,270,1
404,487,6,284,1
204,1486,5,336,1
190,1169,4,439,1
433,1341,8,170,1
201,1352,9,107,1
240,549,2,65,0
362,1250,1,53,0
153,1322,1,424,1
393,1163,5,410,1
568,689,3,167,0
769,326,4,214,0
336,1325,9,419,1
867,1239,3,40,0
435,1172,8,295,1
600,1279,5,61,0
947,1330,1,47,0
844,1144,1,215,0
602,955,10,281,1
933,589,4,56,0
901,987,10,1,1
535,367,0,18,0
883,733,8,254,1
357,615,4,158,0
300,912,3,341,1
640,464,6,337,1
290,687,1,395,1
828,694,7,212,1
916,611,4,133,0
401,457,8,313,1
938,1165,3,438,1
529,707,2,39,0
774,654,9,126,1
250,1195,5,54,0
884,552,2,210,0
67,1258,6,81,1
839,799,6,79,1
512,558,2,22,0
520,1372,2,303,1
172,825,1,311,1
992,1196,1,217,0
47,918,7,219,1
976,298,10,158,1
219,1372,7,391,1
702,902,7,112,1
345,755,6,472,1
408,1066,6,297,1
238,1439,4,209,0
14,1393,7,319,1
410,139,4,144,0
760,354,9,492,1
391,485,2,182,0
208,1215,9,494,1
941,1027,0,238,0
503,780,7,220,1
950,1150,1,49,0
418,1259,5,174,0
14,48,2,309,1
545,587,8,11,1
396,535,9,366,1
631,1378,8,301,1
315,331,9,249,1
51,702,0,254,0
49,1018,4,170,0
489,366,6,500,1
741,951,8,342,1
130,647,1,41,0
499,799,10,37,1
376,698,4,195,0
697,1065,5,99,0
525,865,10,247,1
765,518,10,424,1
65,223,1,490,1
698,1220,1,246,0
261,1164,0,165,0
32,1440,9,457,1
289,775,1,442,1
766,1224,7,27,1
355,589,8,404,1
361,213,3,39,0
138,1272,1,52,0
44,1275,9,375,1
321,1352,0,293,0
296,634,0,260,0
294,830,3,86,0
566,141,9,267,1
713,1151,6,272,1
770,990,5,104,0
587,526,4,461,1
286,108,7,46,1
236,325,5,345,1
668,73,8,14,1
720,239,5,324,1
807,1476,4,45,0
839,208,5,167,0
463,214,2,165,0
994,343,7,56,1
189,1095,3,48,0
468,125,0,241,0
219,29,1,84,0
358,447,9,464,1
683,724,1,165,0
283,668,6,198,1
28,752,10,20,1
938,535,8,454,1
685,865,1,213,0
758,857,9,10,1
694,1362,6,88,1
309,1018,9,24,1
74,1438,0,365,1
856,632,2,147,0
723,671,5,226,0
346,496,6,492,1
88,932,8,175,1
192,946,9,21,1
775,606,9,485,1
941,491,8,427,1
641,945,3,420,1
229,541,8,99,1
77,539,3,302,1
528,1215,3,421,1
509,1156,10,171,1
999,118,9,393,1
672,489,1,193,0
88,531,6,58,1
629,1343,5,115,0
430,1391,3,39,0
32,872,2,220,0
755,502,7,126,1
990,251,1,329,1
175,868,2,351,1
49,159,6,449,1
647,1237,7,367,1
265,497,8,484,1
738,1031,4,28,0
611,1303,6,299,1
747,1282,1,7,0
513,1239,8,81,1
856,657,6,284,1
508,1145,4,382,1
211,182,4,282,0
118,812,0,118,0
626,1006,0,387,1
355,1301,4,150,0
563,203,7,335,1
472,269,3,34,0
597,128,0,331,1
205,1462,3,9,0
285,967,7,380,1
703,791,6,437,1
404,1116,5,451,1
70,758,5,275,0
677,244,8,489,1
825,1311,6,6,1
571,1322,8,113,1
127,41,5,82,0
463,546,9,39,1
720,1192,8,116,1
243,983,6,174,1
429,881,8,367,1
48,242,3,470,1
512,73,1,292,0
939,99,5,259,0
184,1329,5,10,0
891,185,8,108,1
404,1329,7,202,1
645,257,4,260,0
54,412,7,108,1
35,1023,10,20,1
924,297,1,62,0
757,486,2,202,0
285,1394,1,35,0
860,504,6,170,1
803,1347,9,364,1
575,1401,2,22,0
930,1301,4,330,1
139,1148,8,54,1
15,1000,10,239,1
906,1492,3,341,1
700,1461,3,406,1
998,982,6,318,1
547,210,9,411,1
677,36,2,259,0
363,1177,7,18,1
123,658,2,107,0
917,600,1,386,1
603,1254,4,277,0
442,967,5,349,1
740,1270,5,339,1
381,156,8,73,1
916,682,2,306,1
681,940,6,473,1
954,1317,1,27,0
211,548,0,462,1
384,1273,3,439,1
362,1315,7,481,1
818,561,0,335,1
431,332,2,434,1
633,1393,9,2,1
854,878,5,133,0
581,1148,10,439,1
955,243,7,487,1
615,509,4,75,0
542,344,1,77,0
592,61,0,46,0
218,1381,10,353,1
100,471,4,101,0
822,1245,4,473,1
616,1294,8,348,1
919,741,6,286,1
583,1072,5,347,1
836,1196,5,288,0
215,362,1,406,1
302,1375,9,344,1
628,1323,5,143,0
471,1017,4,401,1
374,1307,7,212,1
816,892,3,351,1
226,748,0,176,0
296,358,9,379,1
834,1307,6,170,1
248,292,7,265,1
993,334,7,478,1
823,322,8,280,1
631,1117,7,62,1
282,792,2,332,1
655,770,4,309,1
112,478,1,248,0
283,65,1,206,0
544,786,4,324,1
968,1189,5,436,1
500,1212,2,85,0
83,1005,4,18,0
529,531,2,153,0
968,459,9,188,1
300,532,2,172,0
735,123,3,350,1
874,434,0,202,0
803,915,6,367,1
359,1132,9,212,1
161,1439,10,293,1
968,1230,1,440,1
618,1313,3,189,0
699,268,8,457,1
27,1326,5,185,0
944,634,1,68,0
28,270,2,328,1
781,875,6,221,1
735,1023,8,242,1
645,799,9,237,1
463,637,6,190,1
435,1091,9,252,1
378,316,10,222,1
983,1339,1,261,0
881,130,6,390,1
743,1265,3,188,0
568,1387,0,62,0
533,630,1,26,0
511,232,10,346,1
64,394,6,59,1
963,154,0,341,1
508,260,3,336,1
214,683,4,56,0
69,1331,7,185,1
970,416,1,347,1
149,842,3,118,0
771,266,10,204,1
553,113,9,395,1
860,1430,1,323,1
888,1278,9,316,1
476,157,0,343,1
428,275,7,230,1
163,1052,1,484,1
998,318,8,14,1
584,999,0,34,0
23,1300,4,346,1
824,483,9,386,1
913,1025,3,326,1
814,311,9,484,1
397,616,4,295,0
656,1382,10,167,1
969,1201,2,194,0
247,423,2,282,0
379,948,5,456,1
271,960,9,273,1
896,927,9,497,1
774,743,2,391,1
534,457,8,126,1
960,788,0,323,1
189,1180,7,267,1
531,524,9,130,1
415,991,5,322,1
384,556,5,276,0
202,782,1,46,0
57,32,9,241,1
513,535,5,248,0
338,468,4,9,0
389,1257,1,312,1
502,359,1,58,0
572,682,0,142,0
883,1330,9,136,1
977,751,10,353,1
339,963,7,453,1
930,389,4,171,0
773,302,7,159,1
413,1391,8,405,1
885,1003,5,194,0
156,1324,0,453,1
212,949,0,216,0
489,726,10,228,1
367,1044,9,14,1
336,196,10,413,1
700,697,8,375,1
371,119,5,370,1
996,869,4,238,0
823,695,5,314,1
350,1415,9,133,1
18,545,1,400,1
758,156,0,309,1
174,1142,2,114,0
32,177,10,62,1
528,479,10,99,1
605,1289,1,80,0
268,541,6,109,1
260,372,1,118,0
938,138,2,23,0
96,409,7,379,1
851,37,4,416,1
386,239,0,152,0
209,113,3,4,0
644,69,7,302,1
438,523,4,19,0
363,1122,3,4,0
7,93,1,489,1
540,1019,8,148,1
943,606,7,299,1
61,41,5,203,0
505,29,4,162,0
837,251,0,250,0
600,685,9,361,1
44,344,10,276,1
633,667,0,308,1
989,920,1,154,0
201,1233,2,254,0
388,1393,6,210,1
572,324,1,138,0
422,1286,8,494,1
324,281,8,140,1
96,698,8,297,1
208,615,0,486,1
618,1038,0,178,0
612,1105,5,96,0
743,1156,9,129,1
213,666,7,495,1
838,600,0,211,0
676,891,5,122,0
80,1269,5,209,0
785,1267,3,435,1
311,687,4,93,0
546,386,1,467,1
416,404,4,401,1
863,1040,8,499,1
364,72,6,56,1
405,90,4,170,0
654,799,7,185,1
303,29,1,201,0
929,783,8,232,1
608,102,7,306,1
95,928,4,152,0
304,246,0,468,1
837,801,1,331,1
18,344,4,24,0
377,684,0,483,1
313,1133,10,180,1
590,682,3,64,0
204,1202,9,284,1
542,877,2,281,0
114,1176,2,109,0
240,337,2,483,1
104,1486,0,296,0
188,561,5,18,0
605,76,6,399,1
939,1202,9,25,1
11,1339,1,224,0
829,1106,8,116,1
709,337,4,45,0
816,216,5,409,1
730,1145,9,292,1
648,1251,10,107,1
608,140,2,134,0
819,1051,5,368,1
48,876,1,325,1
676,1112,9,301,1
898,217,1,180,0
777,1472,3,123,0
961,740,4,37,0
495,1461,3,221,0
590,529,3,345,1
149,22,6,408,1
43,194,8,5,1
403,1135,5,21,0
966,1326,3,437,1
727,674,8,325,1
647,1078,0,166,0
613,541,9,245,1
749,883,5,382,1
481,62,3,402,1
206,947,8,336,1
985,1188,3,414,1
252,1437,3,329,1
675,583,10,118,1
973,1215,1,207,0
213,1061,0,31,0
496,211,10,248,1
15,137,4,134,0
846,1173,0,157,0
899,1246,1,92,0
587,75,1,37,0
565,1303,4,30,0
302,912,7,140,1
487,785,1,108,0
682,1108,6,180,1
723,1385,6,405,1
465,531,4,105,0
384,1446,1,441,1
752,625,1,10,0
569,1170,0,450,1
147,1187,10,218,1
595,698,2,356,1
4,681,8,293,1
257,241,4,466,1
651,1490,7,118,1
740,668,6,461,1
396,955,3,12,0
346,1118,5,70,0
969,1481,1,78,0
484,399,3,371,1
926,1095,1,424,1
447,63,1,94,0
915,914,1,226,0
737,1204,3,204,0
497,1289,4,75,0
504,1135,8,282,1
444,52,10,483,1
561,438,3,249,0
944,978,4,68,0
410,747,9,351,1
913,341,5,415,1
640,1037,6,125,1
588,1282,1,110,0
343,628,9,115,1
546,244,0,437,1
204,545,2,55,0
270,1184,9,96,1
752,1173,0,180,0
167,616,3,359,1
983,1329,7,203,1
734,1258,3,468,1
513,1180,6,1,1
480,418,8,199,1
242,897,6,386,1
682,672,9,233,1
224,146,4,487,1
669,1458,9,69,1
715,493,5,8,0
81,139,5,105,0
860,1446,7,127,1
716,516,1,228,0
989,653,0,304,1
755,1245,8,143,1
624,593,0,14,0
357,941,9,31,1
77,136,9,360,1
304,221,3,252,0
938,1255,2,190,0
136,1042,4,181,0
692,354,1,132,0
757,920,3,118,0
82,31,3,230,0
6,501,10,7,1
345,691,5,84,0
737,636,0,54,0
39,932,6,472,1
369,845,9,171,1
604,1302,7,189,1
992,722,0,471,1
804,958,9,445,1
700,1319,1,352,1
75,617,9,59,1
759,551,0,350,1
731,48,1,255,0
119,1325,10,371,1
824,1159,7,1,1
722,281,9,226,1
583,659,3,340,1
215,609,8,320,1
69,1058,9,393,1
415,126,5,5,0
801,354,10,114,1
628,40,1,83,0
354,956,4,73,0
713,1033,3,17,0
469,359,1,207,0
235,489,2,190,0
407,28,6,305,1
842,833,8,93,1
800,484,1,230,0
352,524,7,359,1
527,802,2,247,0
657,233,1,184,0
161,1475,5,444,1
658,992,0,38,0
30,996,3,192,0
460,462,9,355,1
348,682,3,480,1
759,662,7,334,1
584,191,0,130,0
805,645,8,352,1
11,441,0,171,0
792,142,3,172,0
577,1187,9,254,1
453,1483,7,361,1
59,1135,6,469,1
926,750,4,471,1
176,1187,10,99,1
848,1289,2,371,1
699,1113,5,230,0
140,654,5,229,0
926,1264,0,39,0
679,1437,6,277,1
883,921,8,412,1
131,530,6,49,1
411,1094,5,79,0
783,753,10,380,1
88,1237,9,19,1
771,1492,7,239,1
220,904,0,203,0
767,859,8,371,1
801,1382,8,411,1
3,1112,6,241,1
125,285,10,59,1
42,731,0,495,1
703,1223,3,414,1
56,1476,10,187,1
119,168,4,499,1
209,1451,8,393,1
375,1433,10,238,1
149,532,9,206,1
110,1192,8,340,1
998,1386,0,91,0
899,826,4,239,0
479,86,3,437,1
253,170,2,162,0
193,454,1,215,0
170,479,3,104,0
306,205,0,190,0
86,934,2,32,0
512,293,7,271,1
233,361,3,269,0
809,268,9,88,1
288,489,0,178,0
452,599,4,212,0
824,767,6,83,1
824,1124,9,360,1
33,790,1,465,1
792,348,9,404,1
90,1324,2,402,1
830,1386,7,399,1
951,1305,5,83,0
819,394,4,390,1
781,1405,9,326,1
760,1231,3,295,0
735,28,4,379,1
402,837,8,379,1
785,1372,8,484,1
20,1287,3,448,1
40,514,1,267,0
958,663,0,77,0
503,849,10,66,1
142,476,7,78,1
392,612,9,410,1
373,262,7,53,1
748,342,10,262,1
978,647,10,277,1
58,1261,1,482,1
103,220,10,23,1
857,238,0,226,0
320,313,9,249,1
523,379,4,462,1
366,67,8,140,1
773,1445,1,75,0
884,1095,0,369,1
222,1488,0,26,0
763,1011,6,481,1
452,1451,1,265,0
912,550,7,56,1
329,915,1,17,0
903,1274,4,122,0
961,1237,4,14,0
425,1487,9,108,1
54,889,6,56,1
830,838,1,70,0
125,758,4,25,0
897,441,1,126,0
28,959,10,480,1
983,69,4,424,1
607,802,2,457,1
837,868,3,249,0
309,1264,4,337,1
982,1007,3,437,1
331,479,1,159,0
155,332,5,341,1
950,868,5,452,1
541,920,8,416,1
256,391,6,13,1
41,93,6,400,1
94,1155,10,99,1
373,555,7,154,1
744,310,9,425,1
470,896,5,173,0
542,995,6,409,1
177,1041,4,454,1
12,157,0,463,1
368,120,8,48,1
973,1390,1,47,0
695,762,0,148,0
428,1069,9,157,1
225,682,7,462,1
415,1297,10,366,1
32,929,2,205,0
241,164,6,382,1
729,1321,10,478,1
214,745,8,177,1
981,216,1,39,0
265,594,9,388,1
38,746,9,286,1
638,1000,5,265,0
647,645,7,208,1
56,109,2,207,0
140,693,4,412,1
225,1367,5,283,0
525,251,6,223,1
784,1254,1,22,0
173,598,4,97,0
296,435,5,83,0
312,952,0,466,1
619,324,5,34,0
977,1004,6,91,1
101,121,5,320,1
655,282,10,74,1
509,876,6,318,1
570,1127,8,273,1
984,443,5,163,0
110,1091,0,442,1
396,369,8,117,1
73,82,6,25,1
894,1393,9,499,1
904,547,4,215,0
472,1122,9,23,1
711,632,2,89,0
804,156,1,439,1
671,210,5,26,0
698,988,6,464,1
414,386,0,369,1
416,859,7,210,1
880,972,2,166,0
428,428,1,98,0
229,899,3,374,1
185,114,8,57,1
383,203,1,275,0
389,71,0,353,1
136,687,5,347,1
516,206,10,326,1
159,1289,2,269,0
53,1226,7,251,1
533,623,8,51,1
71,1406,2,342,1
909,1258,0,310,1
442,1386,9,279,1
153,869,4,60,0
663,1441,0,375,1
801,1266,3,334,1
874,847,1,403,1
814,757,2,421,1
499,1438,2,128,0
533,936,0,161,0
324,627,5,106,0
684,1036,4,413,1
758,1402,4,116,0
919,1179,2,136,0
231,1480,9,277,1
377,936,1,492,1
128,1038,6,254,1
912,472,7,111,1
380,173,6,13,1
104,1184,5,108,0
204,1037,0,345,1
137,1422,0,16,0
464,568,9,352,1
312,817,4,31,0
743,895,5,498,1
315,402,6,342,1
247,418,9,438,1
334,661,3,153,0
13,1450,10,174,1
882,1066,9,276,1
82,623,7,363,1
572,1272,5,497,1
833,1042,7,491,1
251,53,10,165,1
22,646,0,19,0
444,760,2,153,0
830,382,3,377,1
721,562,1,92,0
342,560,4,78,0
375,848,10,286,1
442,978,8,442,1
466,1188,1,464,1
104,1358,9,116,1
839,252,0,317,1
341,1359,4,58,0
57,505,6,487,1
570,841,4,496,1
887,187,2,146,0
37,754,5,103,0
867,184,5,363,1
373,1477,0,403,1
875,1280,3,153,0
968,1096,0,123,0
480,643,4,118,0
285,466,3,163,0
996,1086,3,53,0
705,798,4,359,1
586,198,3,297,0
645,75,8,382,1
644,69,9,78,1
910,1097,8,81,1
936,1066,0,260,0
156,609,1,18,0
615,172,9,381,1
602,109,5,364,1
826,1349,5,149,0
586,1252,8,228,1
937,1307,10,2,1
818,1388,10,478,1
881,991,5,449,1
925,1346,7,331,1
779,587,7,141,1
381,1027,6,376,1
21,237,10,496,1
65,984,10,339,1
510,107,6,413,1
221,280,9,440,1
472,744,7,234,1
704,1216,7,9,1
472,63,5,237,0
915,1145,8,464,1
827,639,7,216,1
511,686,7,453,1
94,1328,1,333,1
972,921,0,275,0
940,841,10,168,1
405,192,6,292,1
171,814,7,369,1
544,1337,2,92,0
654,1498,2,76,0
252,188,0,80,0
971,731,7,37,1
591,683,1,321,1
370,447,10,479,1
98,241,8,129,1
223,756,3,126,0
85,332,1,480,1
556,1320,8,106,1
388,501,6,93,1
54,1042,10,92,1
618,700,10,114,1
930,1284,9,18,1
552,96,2,430,1
852,1027,7,457,1
571,847,9,228,1
308,285,8,356,1
57,1496,2,491,1
918,763,7,337,1
953,1065,0,395,1
470,995,7,433,1
747,1102,10,13,1
925,1243,6,49,1
750,1259,7,167,1
207,634,1,220,0
94,1172,5,258,0
609,26,2,339,1
98,730,2,495,1
704,1166,8,172,1
681,1139,10,348,1
767,580,1,345,1
946,1461,6,69,1
916,805,6,315,1
942,906,7,196,1
456,789,6,59,1
640,1222,6,191,1
37,1227,9,482,1
493,171,2,291,0
691,980,5,376,1
37,219,2,385,1
242,54,4,201,0
30,594,8,418,1
299,1210,3,21,0
621,1488,2,408,1
948,755,6,42,1
38,1373,1,343,1
900,1161,0,497,1
347,407,3,45,0
280,303,4,401,1
985,1342,1,187,0
361,1485,3,277,0
639,1111,2,24,0
236,1332,10,48,1
188,948,4,28,0
843,621,10,408,1
134,1261,4,170,0
626,285,10,58,1
530,830,6,325,1
673,118,2,252,0
562,1395,5,470,1
306,924,3,193,0
433,1386,1,459,1
191,511,9,213,1
422,275,0,203,0
299,941,10,53,1
887,240,7,5,1
963,1216,0,288,0
730,778,0,475,1
85,199,0,477,1
987,824,3,89,0
945,373,4,486,1
455,525,5,366,1
84,1384,0,464,1
931,1079,7,347,1
931,313,2,365,1
205,305,1,492,1
760,692,8,455,1
849,461,2,50,0
522,76,10,325,1
265,897,3,28,0
86,513,4,135,0
222,1425,6,431,1
34,1186,0,466,1
320,450,9,90,1
440,204,8,22,1
596,1177,9,33,1
158,1490,1,291,0
242,587,10,36,1
435,1069,2,399,1
689,738,10,341,1
277,27,10,411,1
768,531,7,319,1
334,1165,6,282,1
353,159,5,71,0
567,1083,0,90,0
26,1107,6,35,1
948,678,4,179,0
876,1351,7,387,1
982,1007,0,117,0
298,46,5,49,0
716,1146,10,98,1
270,1331,1,310,1
826,867,0,213,0
851,921,3,60,0
409,825,7,379,1
116,83,3,422,1
912,65,5,97,0
483,604,5,382,1
695,702,8,484,1
41,839,8,134,1
751,531,1,387,1
451,1381,4,302,1
320,1095,2,84,0
120,1500,0,446,1
71,644,10,420,1
994,1419,0,87,0
752,79,1,104,0
603,933,5,269,0
914,1408,9,444,1
881,1000,8,133,1
502,422,7,106,1
232,692,7,371,1
237,363,6,117,1
288,230,2,148,0
633,394,0,179,0
246,693,3,123,0
251,783,7,434,1
442,22,5,393,1
55,667,9,462,1
928,1444,1,127,0
726,1329,2,246,0
10,120,0,403,1
478,1107,0,480,1
589,1198,3,238,0
954,879,4,65,0
723,1319,2,435,1
203,506,0,66,0
890,1216,3,246,0
128,967,1,276,0
840,1063,3,74,0
898,1182,2,248,0
74,297,0,424,1
10,25,1,56,0
824,1386,8,236,1
352,489,10,277,1
154,1352,10,43,1
232,711,6,355,1
263,632,7,368,1
575,117,7,189,1
53,372,10,482,1
891,1024,3,414,1
867,561,6,134,1
206,594,4,216,0
641,990,8,389,1
258,416,6,305,1
566,293,2,77,0
340,544,8,157,1
912,756,0,164,0
811,1256,0,86,0
40,673,3,423,1
347,398,5,367,1
497,580,10,226,1
631,599,10,326,1
115,294,1,132,0
280,375,2,409,1
759,1409,9,214,1
469,832,10,49,1
490,818,3,431,1
961,1395,3,117,0
538,1350,6,224,1
235,1117,4,199,0
375,539,1,24,0
262,992,9,175,1
981,1136,6,446,1
824,1215,2,442,1
432,788,1,112,0
964,968,0,333,1
997,532,8,14,1
629,1113,4,146,0
340,506,10,167,1
927,1419,0,80,0
741,937,6,381,1
790,1183,10,59,1
91,225,5,205,0
275,688,0,298,0
648,1217,0,169,0
133,568,0,364,1
631,1044,10,132,1
919,931,6,447,1
753,789,0,133,0
411,779,6,283,1
169,1441,4,243,0
259,1462,9,300,1
24,106,4,84,0
30,905,0,230,0
404,1104,6,175,1
480,838,1,473,1
51,1062,10,243,1
85,632,3,473,1
336,1408,3,264,0
619,1322,2,113,0
755,279,5,448,1
928,892,6,421,1
401,518,3,316,1
671,432,6,252,1
360,281,8,48,1
947,403,0,345,1
189,43,9,206,1
177,1193,2,89,0
616,204,10,120,1
104,224,7,98,1
914,1347,6,310,1
648,684,8,81,1
855,480,1,354,1
972,1077,6,396,1
353,1309,8,150,1
344,1487,0,473,1
224,610,4,456,1
539,1291,8,223,1
171,1102,7,102,1
952,1344,2,317,1
593,891,10,13,1
645,1336,7,76,1
601,1464,3,132,0
488,767,4,401,1
603,960,5,392,1
641,463,4,449,1
630,877,4,26,0
889,839,2,416,1
411,183,7,355,1
392,581,7,428,1
582,215,5,391,1
996,346,6,31,1
711,83,0,107,0
429,569,0,207,0
447,585,9,319,1
714,437,6,114,1
664,1194,4,88,0
821,926,0,4,0
44,135,8,245,1
752,324,9,266,1
788,1131,6,252,1
168,1343,4,383,1
68,137,9,166,1
519,1304,8,65,1
414,811,3,299,0
813,1015,1,319,1
456,1045,8,429,1
522,416,4,93,0
110,695,7,318,1
997,412,9,429,1
245,481,1,286,0
321,370,8,171,1
260,1295,2,151,0
93,1113,7,37,1
202,1252,7,400,1
415,564,1,387,1
2,1387,0,169,0
272,249,9,58,1
803,746,3,129,0
851,366,7,453,1
958,138,8,397,1
929,84,7,38,1
255,665,0,243,0
342,165,6,271,1
184,44,3,237,0
768,1244,10,411,1
613,760,10,115,1
225,845,3,282,0
276,393,6,350,1
461,602,2,166,0
438,247,9,315,1
798,565,3,394,1
640,1009,2,154,0
54,24,8,183,1
928,480,2,224,0
322,623,9,106,1
457,68,7,148,1
310,1346,7,389,1
517,410,8,374,1
599,499,2,225,0
220,107,1,486,1
505,178,9,87,1
963,1391,3,308,1
191,497,3,201,0
425,465,10,1,1
684,851,7,332,1
728,134,0,147,0
373,74,2,349,1
431,897,5,73,0
75,1022,3,499,1
539,135,0,370,1
71,1273,3,408,1
621,1073,5,101,0
255,1120,9,87,1
97,872,8,363,1
610,758,3,139,0
724,416,0,418,1
302,1276,3,151,0
139,871,6,303,1
820,691,7,453,1
340,334,8,320,1
718,1400,5,240,0
899,975,8,207,1
989,158,7,34,1
813,666,6,254,1
218,279,7,239,1
73,1222,1,86,0
49,81,3,453,1
329,1005,2,174,0
416,965,9,468,1
233,1067,9,375,1
467,913,5,81,0
16,35,3,293,0
829,859,10,418,1
231,1065,8,274,1
183,1235,6,116,1
829,942,1,135,0
201,284,6,171,1
469,231,7,79,1
52,1055,10,254,1
635,1055,4,254,0
34,929,10,287,1
362,986,4,467,1
289,1011,5,463,1
41,889,2,158,0
234,1087,5,403,1
537,909,3,392,1
42,660,10,59,1
936,1205,9,301,1
750,963,6,258,1
853,1477,8,8,1
865,980,1,495,1
324,900,1,146,0
854,1034,6,175,1
751,99,9,327,1
852,684,9,54,1
547,1493,5,335,1
835,1061,7,165,1
850,394,1,427,1
631,1298,0,424,1
871,1484,7,4,1
919,904,2,67,0
835,859,9,112,1
290,28,8,301,1
824,681,10,155,1
952,1488,9,108,1
673,1317,2,167,0
641,34,5,369,1
827,1329,10,229,1
726,84,5,116,0
426,836,0,71,0
36,549,7,39,1
82,1211,10,398,1
695,455,6,44,1
789,331,6,310,1
136,567,7,176,1
392,1223,10,113,1
632,1275,5,274,0
698,1216,1,322,1
804,561,7,480,1
429,1437,7,387,1
678,34,10,148,1
506,1163,2,20,0
174,409,1,54,0
586,685,8,167,1
842,774,9,412,1
778,278,6,441,1
729,908,2,407,1
915,141,6,192,1
299,882,10,271,1
530,149,5,149,0
487,1199,10,220,1
397,1332,5,293,0
421,162,6,231,1
843,115,1,170,0
971,497,6,33,1
153,237,7,270,1
326,1343,2,326,1
791,133,5,15,0
867,886,0,218,0
34,89,7,13,1
920,468,0,356,1
446,131,0,262,0
22,1007,6,262,1
47,1293,1,448,1
569,805,10,213,1
812,1385,6,230,1
388,999,2,439,1
797,158,8,172,1
511,1374,6,436,1
125,678,0,249,0
416,1460,0,431,1
926,363,7,218,1
235,414,8,316,1
507,928,3,406,1
920,51,9,88,1
411,841,6,184,1
378,263,10,467,1
962,883,9,313,1
477,1484,3,464,1
591,1212,3,287,0
291,928,4,241,0
588,999,6,236,1
492,854,3,395,1
109,378,2,209,0
300,307,9,313,1
762,754,3,481,1
287,208,5,432,1
337,1324,7,453,1
707,1481,2,268,0
512,878,1,117,0
604,699,1,450,1
668,1297,9,235,1
37,311,4,369,1
852,1108,0,191,0
522,1031,1,385,1
28,678,4,83,0
291,113,2,411,1
742,362,5,303,1
909,54,7,345,1
745,586,6,210,1
944,884,1,143,0
688,1006,5,309,1
92,385,0,186,0
173,609,3,397,1
169,762,3,259,0
277,338,10,196,1
414,166,10,186,1
181,1182,0,428,1
255,810,9,404,1
678,70,0,156,0
996,235,0,402,1
141,1462,0,395,1
449,767,0,480,1
46,204,5,287,0
30,141,9,260,1
231,244,3,374,1
350,1090,7,498,1
273,1292,1,251,0
42,709,2,115,0
383,532,9,154,1
283,1214,1,55,0
361,1125,4,423,1
307,1441,2,63,0
801,1201,10,55,1
90,1308,9,130,1
305,1304,5,171,0
835,1391,6,286,1
244,1075,0,138,0
334,578,5,477,1
672,1027,6,330,1
702,71,2,9,0
475,389,8,191,1
547,871,0,382,1
362,364,6,171,1
476,1393,0,80,0
716,1034,0,352,1
462,702,4,180,0
645,1220,7,335,1
326,106,3,280,0
141,290,2,406,1
381,226,9,30,1
189,857,6,162,1
570,485,1,82,0
185,50,2,322,1
782,1023,3,146,0
357,1238,7,235,1
533,215,7,492,1
511,461,0,82,0
562,137,0,346,1
880,306,4,325,1
126,57,2,249,0
117,199,3,226,0
635,1072,1,108,0
220,1355,10,84,1
177,716,6,118,1
430,1268,1,301,1
111,1194,4,173,0
729,1142,3,122,0
406,654,0,475,1
209,263,0,275,0
982,771,6,224,1
355,921,5,357,1
641,718,7,197,1
463,557,1,390,1
659,1150,8,241,1
780,1198,6,227,1
867,1134,8,176,1
655,1109,7,42,1
450,597,1,141,0
902,1305,6,53,1
451,745,3,398,1
368,736,1,447,1
917,1301,10,26,1
548,984,4,313,1
217,120,6,295,1
162,1059,3,404,1
680,475,0,223,0
49,1126,6,271,1
730,302,10,411,1
409,1073,6,392,1
401,604,2,387,1
771,1144,0,27,0
399,841,6,60,1
13,1145,1,272,0
767,125,5,480,1
953,862,3,437,1
358,1188,7,378,1
858,1385,4,64,0
555,635,0,158,0
393,1426,9,467,1
490,665,10,70,1
34,815,9,257,1
435,1428,6,407,1
554,886,0,340,1
712,1378,8,350,1
416,919,3,462,1
864,411,9,218,1
826,559,6,267,1
896,810,3,297,0
990,553,4,310,1
221,169,9,97,1
782,754,0,190,0
740,1176,1,4,0
292,803,1,118,0
452,1090,1,202,0
842,440,1,117,0
825,597,6,11,1
178,433,3,433,1
1,1406,0,318,1
497,1410,1,165,0
905,165,9,395,1
312,348,2,125,0
529,1457,3,3,0
367,1062,6,143,1
105,1283,6,496,1
408,908,7,168,1
116,1223,2,261,0
978,152,7,7,1
276,512,1,170,0
892,843,6,54,1
808,1133,8,339,1
478,1413,1,237,0
723,806,5,246,0
559,1072,0,94,0
386,921,2,218,0
894,1255,3,81,0
966,1243,8,439,1
590,547,9,57,1
316,1484,4,341,1
849,644,9,495,1
626,1302,7,299,1
1000,278,6,360,1
368,246,5,170,0
523,1002,9,357,1
422,56,7,157,1
732,1205,9,241,1
373,487,1,465,1
741,369,6,104,1
316,305,5,211,0
87,962,6,121,1
374,411,2,136,0
993,59,7,191,1
692,1498,1,258,0
819,899,1,229,0
797,112,4,237,0
201,724,2,367,1
424,1128,6,472,1
977,325,1,315,1
129,1071,1,231,0
92,720,8,79,1
948,874,6,98,1
960,1066,9,79,1
509,481,2,343,1
494,1223,10,234,1
137,1364,6,189,1
784,153,5,265,0
340,640,4,438,1
251,1492,8,115,1
341,1397,2,110,0
553,1107,6,351,1
758,435,7,42,1
872,1091,5,346,1
359,102,2,434,1
957,1178,6,70,1
641,71,10,475,1
942,373,5,85,0
958,694,0,345,1
677,1356,2,138,0
330,704,4,322,1
685,174,9,258,1
130,886,2,244,0
779,1257,8,40,1
405,306,1,263,0
776,1249,5,186,0
206,212,4,86,0
495,1111,4,91,0
108,838,5,93,0
175,890,6,445,1
142,1188,2,306,1
168,699,6,48,1
282,610,4,30,0
878,44,5,472,1
153,560,9,11,1
754,756,2,39,0
143,1081,1,400,1
315,1186,0,37,0
571,306,7,165,1
943,1401,2,6,0
475,1044,5,63,0
79,200,8,207,1
409,285,9,346,1
633,124,8,344,1
792,853,5,403,1
914,1348,9,112,1
32,1195,6,280,1
857,423,5,37,0
750,514,2,370,1
585,1315,0,194,0
575,1476,7,415,1
280,410,10,260,1
738,1108,9,256,1
717,959,2,223,0
308,469,2,244,0
629,725,6,474,1
725,1452,7,361,1
418,344,4,279,0
70,1132,1,189,0
402,439,8,77,1
424,1406,4,457,1
273,345,1,383,1
805,1057,10,332,1
761,1086,0,50,0
4,1499,1,249,0
316,354,8,137,1
515,69,2,174,0
642,46,9,207,1
463,1484,0,471,1
186,829,7,167,1
673,1003,10,368,1
840,600,9,215,1
318,450,6,316,1
739,375,6,256,1
815,1092,3,332,1
187,1414,1,206,0
237,1143,10,217,1
160,666,9,104,1
671,404,8,449,1
180,472,6,402,1
413,250,6,330,1
197,984,0,132,0
627,1471,4,93,0
729,1018,4,256,0
391,510,6,261,1
622,83,3,216,0
735,323,1,132,0
677,817,5,301,1
795,1160,2,160,0
269,665,8,216,1
138,1148,0,309,1
976,29,7,105,1
394,1088,6,146,1
470,1055,0,24,0
173,311,9,324,1
586,875,3,499,1
210,221,2,66,0
286,1311,0,161,0
741,1478,6,88,1
298,1324,6,65,1
586,186,9,138,1
183,399,10,351,1
149,988,10,398,1
310,894,4,227,0
625,503,4,418,1
311,80,9,248,1
463,1471,0,423,1
16,506,8,98,1
269,1338,4,463,1
770,584,1,169,0
564,216,3,324,1
429,711,9,174,1
859,947,3,228,0
217,739,0,33,0
5,1289,3,331,1
345,1380,10,67,1
238,874,0,107,0
929,686,1,186,0
81,681,10,38,1
802,1451,9,136,1
400,510,5,104,0
829,609,7,297,1
600,274,8,144,1
838,376,1,37,0
229,1487,4,102,0
610,483,9,473,1
687,138,0,115,0
724,1305,1,484,1
72,150,10,66,1
537,937,8,488,1
149,249,1,95,0
114,1039,4,393,1
128,1040,10,471,1
339,1349,10,159,1
333,656,6,224,1
64,605,1,37,0
393,1397,1,104,0
12,240,8,33,1
138,176,6,17,1
818,1009,0,41,0
611,1470,5,300,0
889,449,4,142,0
32,577,2,293,0
935,677,6,478,1
981,569,8,182,1
510,1215,7,75,1
895,1251,9,496,1
115,200,6,30,1
93,961,7,338,1
403,1216,6,225,1
49,519,7,34,1
617,1139,1,19,0
904,894,3,158,0
871,869,8,440,1
470,968,8,158,1
696,333,1,103,0
947,260,1,312,1
598,1412,1,373,1
861,908,0,56,0
933,1325,4,200,0
512,62,8,447,1
960,1027,7,498,1
890,1460,4,194,0
463,754,4,81,0
751,210,2,497,1
901,1447,10,341,1
80,794,9,258,1
891,1206,7,183,1
362,914,6,68,1
323,651,5,461,1
863,665,4,150,0
243,564,5,85,0
468,155,1,51,0
910,986,2,400,1
798,331,0,454,1
338,1412,2,478,1
900,853,10,235,1
805,591,4,196,0
329,789,8,188,1
651,650,6,219,1
57,333,2,425,1
580,186,9,336,1
211,44,3,4,0
760,1148,5,70,0
686,1076,1,500,1
264,1279,10,249,1
935,1081,10,35,1
969,1499,3,490,1
336,75,9,326,1
787,892,5,145,0
816,360,3,492,1
408,1429,4,141,0
148,1119,5,76,0
621,949,10,289,1
925,745,4,28,0
204,473,5,287,0
667,1107,0,28,0
368,689,7,239,1
939,1035,4,224,0
140,845,3,442,1
651,463,7,68,1
368,1002,2,225,0
298,536,1,171,0
830,720,8,233,1
286,627,1,427,1
108,651,6,265,1
103,807,7,313,1
635,300,10,471,1
396,1281,2,321,1
719,261,4,414,1
100,1442,2,409,1
117,254,6,171,1
627,86,1,249,0
846,699,4,171,0
431,1291,6,479,1
519,496,0,174,0
473,983,1,288,0
183,1071,2,464,1
197,508,3,470,1
395,1279,7,411,1
635,301,8,185,1
551,1238,8,281,1
227,842,0,188,0
477,1133,8,49,1
238,255,2,257,0
71,93,9,21,1
729,513,8,211,1
652,26,9,253,1
792,980,4,396,1
732,881,8,500,1
33,1402,7,59,1
608,970,2,381,1
661,1360,4,271,0
644,1146,5,479,1
861,215,9,190,1
381,590,3,369,1
242,718,0,403,1
939,961,3,458,1
826,944,1,48,0
587,809,6,346,1
386,1027,4,132,0
410,268,2,282,0
579,748,8,80,1
622,697,0,19,0
409,1033,6,411,1
659,300,0,26,0
237,596,4,56,0
337,1207,0,415,1
800,744,10,110,1
734,1239,10,181,1
98,977,9,497,1
60,431,3,68,0
592,319,0,203,0
786,628,7,490,1
858,343,4,2,0
912,474,5,42,0
566,221,6,152,1
847,1162,9,11,1
613,1169,2,56,0
474,1246,5,350,1
15,1245,3,310,1
285,84,9,399,1
6,1289,3,312,1
750,1141,4,17,0
286,1427,9,103,1
502,1362,2,91,0
446,1177,1,66,0
402,392,5,426,1
918,570,6,280,1
62,1074,5,416,1
989,1198,9,196,1
343,157,10,403,1
937,497,10,369,1
706,822,1,13,0
219,324,2,40,0
1000,746,8,228,1
545,306,8,440,1
556,1256,7,69,1
88,1033,10,187,1
501,1271,3,331,1
788,798,10,254,1
138,397,0,212,0
650,299,2,158,0
2,911,8,58,1
210,324,2,404,1
18,1295,6,127,1
768,353,5,121,0
992,472,3,18,0
520,245,3,276,0
603,447,7,444,1
771,172,9,146,1
653,841,8,428,1
241,1474,2,167,0
570,458,1,109,0
531,1300,4,6,0
551,90,3,354,1
15,1027,2,286,0
339,183,4,58,0
711,1036,10,65,1
934,1015,1,383,1
541,1216,6,290,1
50,1165,6,459,1
541,1470,10,457,1
649,278,2,89,0
193,731,7,479,1
925,512,0,321,1
932,981,7,389,1
189,421,7,171,1
227,689,3,65,0
717,1394,9,377,1
613,1350,3,158,0
956,27,1,112,0
942,1157,6,255,1
73,991,6,439,1
132,1303,0,145,0
25,103,0,395,1
382,358,4,358,1
533,1107,3,305,1
550,760,6,168,1
598,902,1,202,0
988,1203,1,477,1
106,882,0,190,0
331,699,1,51,0
658,250,2,45,0
798,1320,7,304,1
263,973,8,65,1
856,524,4,174,0
421,794,4,90,0
940,1227,8,489,1
791,1132,6,473,1
239,756,3,383,1
482,427,8,291,1
980,38,7,187,1
597,147,7,299,1
90,883,4,380,1
569,813,4,262,0
457,1032,5,187,0
675,813,7,279,1
364,1176,9,425,1
894,1223,6,192,1
969,100,5,285,0
242,230,4,216,0
181,855,7,373,1
550,551,6,463,1
189,1191,6,486,1
163,1307,0,207,0
83,100,9,59,1
278,608,1,41,0
568,1143,2,1,0
688,963,9,447,1
379,367,1,41,0
166,24,1,73,0
893,1088,8,452,1
811,247,3,181,0
607,614,1,93,0
985,846,8,491,1
115,426,6,154,1
765,626,1,147,0
365,384,9,334,1
262,33,7,321,1
621,383,5,26,0
819,189,5,85,0
590,722,2,117,0
236,1500,5,281,0
845,1402,3,94,0
175,221,2,215,0
766,888,4,59,0
728,637,10,156,1
442,357,10,431,1
868,1406,7,319,1
85,526,5,392,1
443,1244,5,34,0
723,1300,7,89,1
320,1036,2,160,0
407,775,0,422,1
785,715,7,180,1
101,1278,7,320,1
259,470,0,310,1
655,648,5,289,0
984,730,4,217,0
924,477,6,97,1
225,1062,3,471,1
428,781,4,188,0
864,584,9,159,1
35,369,4,289,0
274,1390,4,9,0
407,874,2,320,1
448,1445,5,94,0
910,1131,10,139,1
915,211,0,297,0
880,647,3,83,0
376,502,2,337,1
590,718,2,290,0
445,606,0,226,0
817,335,4,370,1
107,488,7,142,1
102,1007,3,353,1
430,1433,1,279,0
84,99,5,136,0
143,1223,9,57,1
908,310,1,123,0
560,1211,1,72,0
535,1211,10,359,1
98,640,1,50,0
544,1307,9,7,1
852,1470,4,207,0
259,1301,5,456,1
321,45,7,43,1
787,1188,3,143,0
108,223,0,55,0
759,1321,8,1,1
1,1231,8,464,1
902,454,5,200,0
844,365,10,378,1
654,1191,10,414,1
258,964,1,371,1
26,310,2,397,1
623,642,0,379,1
314,116,2,332,1
963,45,0,85,0
507,107,8,73,1
158,172,1,168,0
157,1197,5,60,0
839,47,8,117,1
542,1243,0,414,1
908,799,7,495,1
397,1041,8,425,1
661,587,3,442,1
880,1383,4,446,1
620,1422,8,441,1
38,518,8,214,1
939,648,0,273,0
717,860,0,493,1
854,963,4,476,1
648,1105,7,360,1
73,651,7,468,1
932,68,8,461,1
404,1255,9,48,1
14,422,1,376,1
372,952,4,24,0
573,1268,6,385,1
717,1194,1,314,1
516,828,6,69,1
370,296,9,34,1
25,293,0,61,0
496,784,5,101,0
694,669,9,329,1
990,830,0,254,0
309,658,8,403,1
133,1197,7,23,1
562,442,8,26,1
883,179,10,149,1
950,1133,3,67,0
590,1331,8,322,1
827,1024,5,367,1
173,545,2,175,0
595,493,0,129,0
406,884,7,429,1
975,349,5,411,1
948,1086,2,120,0
501,31,3,234,0
91,1060,8,215,1
331,656,2,94,0
862,1343,6,105,1
114,826,8,456,1
715,1339,3,188,0
722,22,4,34,0
297,699,5,62,0
132,1088,1,239,0
841,1426,4,192,0
427,1292,6,175,1
317,1106,3,182,0
658,632,8,403,1
142,1346,4,285,0
632,242,0,479,1
985,1474,3,277,0
1000,1020,4,140,0
835,680,0,73,0
159,747,1,134,0
532,170,0,440,1
227,1439,0,401,1
298,146,0,235,0
550,149,10,201,1
770,1401,5,329,1
128,1447,8,121,1
981,1278,1,153,0
451,1071,0,292,0
208,557,8,469,1
322,751,10,392,1
925,774,3,93,0
815,1411,1,240,0
372,1100,10,250,1
175,1353,10,113,1
119,232,7,382,1
587,957,3,274,0
674,57,10,447,1
299,1413,4,69,0
295,188,2,462,1
135,253,6,50,1
186,1429,5,335,1
704,134,6,290,1
834,200,0,381,1
58,1382,5,447,1
560,1476,8,344,1
310,592,9,330,1
512,606,2,11,0
977,1443,2,111,0
968,1288,2,114,0
875,1340,6,14,1
864,522,3,45,0
601,1345,3,382,1
423,105,7,386,1
247,785,2,66,0
577,1385,6,315,1
963,796,1,115,0
669,545,8,111,1
465,373,7,134,1
648,1210,5,234,0
165,171,0,258,0
459,1445,7,334,1
364,1286,6,115,1
716,951,0,210,0
802,392,6,115,1
659,1379,5,30,0
876,1170,1,70,0
564,104,9,177,1
840,399,4,434,1
672,55,8,93,1
940,1071,1,223,0
548,240,2,487,1
454,397,9,50,1
637,936,1,281,0
63,1042,9,208,1
447,1427,3,351,1
640,25,0,241,0
381,46,10,138,1
792,918,5,360,1
43,1211,4,115,0
756,680,2,246,0
248,192,7,199,1
87,138,9,136,1
59,1234,4,418,1
716,1418,10,124,1
346,470,7,263,1
195,1141,9,168,1
715,968,6,7,1
191,210,3,476,1
198,1031,8,15,1
958,386,5,22,0
264,1343,4,74,0
792,1231,2,391,1
522,1499,9,444,1
474,610,10,72,1
509,992,1,393,1
263,391,2,261,0
235,1104,4,479,1
742,811,5,231,0
845,82,7,394,1
979,1062,4,309,1
614,423,9,345,1
927,947,4,49,0
999,847,6,170,1
577,351,0,377,1
613,1193,6,190,1
739,347,10,294,1
415,1109,5,308,1
756,1329,6,246,1
843,311,4,119,0
469,136,0,54,0
979,1194,8,119,1
816,971,6,173,1
622,1057,6,48,1
251,163,3,277,0
183,1032,4,39,0
274,637,0,130,0
297,977,6,115,1
914,96,4,209,0
565,37,9,379,1
941,1378,2,61,0
253,362,0,392,1
46,843,5,368,1
401,1119,2,279,0
300,89,4,254,0
25,809,5,426,1
199,496,3,275,0
51,465,3,490,1
975,897,0,127,0
242,766,1,185,0
242,36,4,226,0
899,412,2,402,1
399,1456,6,383,1
855,383,7,382,1
9,397,0,73,0
9,717,6,300,1
144,789,4,405,1
376,207,6,415,1
873,733,3,185,0
792,477,5,348,1
981,386,3,21,0
594,455,10,194,1
304,693,10,100,1
130,188,2,373,1
907,499,9,406,1
983,1146,8,407,1
150,374,7,86,1
896,495,6,149,1
865,579,4,174,0
700,792,7,445,1
866,1293,3,338,1
889,1481,2,69,0
585,1433,3,64,0
872,1150,5,321,1
317,671,5,200,0
757,758,7,74,1
550,622,9,485,1
623,26,3,396,1
318,719,10,161,1
206,368,2,352,1
707,771,9,123,1
803,400,5,264,0
841,292,8,32,1
316,325,1,476,1
672,362,6,73,1
618,434,10,164,1
499,856,3,237,0
476,1490,6,411,1
169,594,6,490,1
857,313,3,138,0
803,858,5,243,0
452,1481,3,444,1
423,1207,4,35,0
502,765,5,414,1
716,439,1,320,1
972,266,2,376,1
627,206,10,52,1
535,139,2,68,0
646,916,8,371,1
323,1107,3,270,0
878,1337,9,366,1
179,410,6,464,1
843,1488,5,5,0
290,972,0,342,1
409,1442,3,44,0
771,1279,4,339,1
481,548,0,400,1
460,535,5,309,1
622,929,7,218,1
166,876,9,220,1
883,1011,7,353,1
761,34,6,159,1
377,47,1,61,0
857,545,1,54,0
958,1255,10,182,1
590,120,5,63,0
493,1124,6,193,1
805,353,7,179,1
562,311,3,438,1
25,846,7,241,1
181,398,0,455,1
676,1290,9,383,1
765,420,6,44,1
287,165,7,39,1
188,476,2,296,0
894,326,8,123,1
6,1130,3,449,1
749,1353,8,125,1
489,917,5,36,0
872,1165,6,377,1
277,396,9,51,1
932,1049,2,112,0
300,774,6,119,1
560,1121,4,468,1
392,386,9,485,1
837,1334,9,73,1
872,435,4,313,1
362,131,0,288,0
90,63,0,28,0
918,604,4,431,1
88,504,1,230,0
780,153,5,273,0
324,553,5,2,0
711,927,10,205,1
623,956,10,366,1
448,958,6,159,1
360,1022,2,309,1
369,665,4,402,1
928,918,10,286,1
608,1342,4,453,1
972,1228,0,71,0
225,794,0,183,0
991,1442,8,384,1
210,148,7,318,1
751,1064,8,192,1
165,814,8,436,1
702,472,6,438,1
373,760,4,21,0
744,335,7,1,1
476,525,10,421,1
292,790,8,8,1
564,913,3,147,0
141,1426,6,360,1
482,20,5,295,0
456,372,5,257,0
425,853,4,154,0
907,435,2,108,0
617,1163,9,212,1
282,1213,7,43,1
827,535,10,315,1
674,210,7,441,1
228,935,2,169,0
499,86,1,54,0
240,737,8,165,1
951,192,5,427,1
836,1096,1,260,0
247,842,3,380,1
9,504,9,138,1
795,866,3,20,0
964,1290,8,341,1
766,1250,3,47,0
40,743,7,94,1
316,1240,7,251,1
849,1398,10,457,1
839,91,1,140,0
763,315,9,417,1
402,658,6,382,1
84,1083,1,185,0
133,336,10,260,1
113,1253,0,118,0
679,707,7,171,1
113,1075,8,429,1
318,455,7,215,1
933,1087,6,402,1
793,384,4,429,1
920,44,10,245,1
989,1160,5,151,0
483,1487,1,9,0
247,1151,9,70,1
135,544,4,30,0
228,545,3,483,1
737,26,8,27,1
481,501,7,107,1
407,1407,5,254,0
614,458,2,248,0
698,1363,3,145,0
89,916,9,47,1
256,86,4,188,0
169,1056,6,482,1
46,675,6,8,1
401,608,8,17,1
730,1046,3,322,1
947,492,3,224,0
892,727,9,460,1
495,1474,10,67,1
590,1347,0,268,0
211,1251,9,167,1
426,1466,8,278,1
640,170,3,238,0
674,647,7,324,1
910,585,2,477,1
485,984,10,461,1
437,1441,1,41,0
36,1380,5,247,0
356,690,7,464,1
583,436,0,469,1
775,1154,0,420,1
721,1399,10,213,1
450,1047,1,266,0
433,977,5,54,0
850,306,5,462,1
913,1124,9,189,1
427,1331,1,343,1
47,701,10,384,1
220,974,9,260,1
95,1008,4,497,1
747,1475,0,296,0
295,546,5,273,0
739,45,1,349,1
703,687,3,218,0
160,498,0,18,0
433,502,5,346,1
81,1139,4,42,0
402,573,9,39,1
32,177,0,105,0
273,1223,10,306,1
620,493,0,497,1
873,1143,3,63,0
335,620,3,40,0
744,391,10,109,1
152,997,6,395,1
471,299,0,40,0
514,358,3,216,0
670,124,2,473,1
455,1361,1,480,1
690,869,7,162,1
908,268,0,280,0
67,214,10,165,1
276,1475,5,293,0
134,152,2,85,0
611,1180,4,142,0
574,484,0,324,1
529,1029,6,145,1
513,232,4,275,0
457,727,2,6,0
200,1491,3,46,0
469,803,8,272,1
301,118,3,8,0
759,1116,2,308,1
702,77,2,478,1
41,1443,2,74,0
199,477,10,359,1
746,199,4,174,0
424,820,6,317,1
59,1098,9,160,1
810,1075,9,78,1
184,838,3,187,0
992,831,6,455,1
293,735,3,95,0
798,1444,3,346,1
901,1262,10,392,1
275,565,1,182,0
968,1323,0,389,1
751,442,4,207,0
511,50,9,291,1
54,494,5,129,0
35,464,5,359,1
438,181,5,119,0
635,426,0,268,0
910,606,2,121,0
528,958,0,89,0
270,1310,0,437,1
102,660,2,13,0
14,295,1,72,0
610,791,7,251,1
705,898,6,289,1
583,606,9,83,1
841,377,1,311,1
142,1018,4,359,1
903,216,0,433,1
287,258,1,249,0
998,970,7,85,1
506,1363,2,447,1
954,1440,10,174,1
681,421,2,339,1
522,640,2,218,0
950,848,4,493,1
298,440,0,7,0
520,1300,0,169,0
664,209,0,190,0
105,238,7,474,1
525,305,2,331,1
927,619,2,269,0
793,1079,4,186,0
459,893,1,304,1
714,860,2,123,0
624,1347,1,409,1
228,556,5,146,0
577,1161,9,348,1
950,431,3,227,0
278,526,5,476,1
13,1142,7,355,1
109,321,6,33,1
889,123,3,313,1
75,61,2,138,0
393,30,2,185,0
332,1050,7,104,1
870,1170,5,346,1
545,918,10,453,1
418,1489,1,139,0
680,136,1,95,0
335,710,2,135,0
11,527,3,471,1
492,745,1,309,1
107,856,9,62,1
969,990,8,308,1
632,598,1,443,1
383,979,2,310,1
246,159,10,152,1
335,532,10,217,1
561,432,8,276,1
199,40,8,39,1
450,199,3,369,1
876,396,3,259,0
288,191,8,287,1
90,853,1,446,1
960,728,5,430,1
30,1198,8,499,1
584,872,2,14,0
189,785,0,298,0
292,669,10,399,1
118,1282,0,253,0
650,66,0,383,1
831,73,1,488,1
348,1495,5,317,1
787,837,3,427,1
348,1288,10,30,1
31,885,6,433,1
513,1446,1,125,0
707,1138,6,351,1
908,1012,3,172,0
866,293,4,41,0
43,399,2,74,0
791,540,7,490,1
146,602,10,417,1
627,234,5,72,0
360,1056,10,228,1
891,830,6,82,1
501,927,9,113,1
874,313,9,256,1
684,1069,1,44,0
681,912,4,336,1
347,817,10,398,1
418,165,8,250,1
374,733,8,389,1
19,157,5,30,0
175,595,4,496,1
195,1360,6,275,1
810,1340,2,215,0
300,314,7,36,1
412,541,9,368,1
333,949,6,467,1
346,604,8,327,1
349,687,10,158,1
178,510,5,97,0
886,297,6,184,1
827,371,6,497,1
509,1287,0,487,1
49,422,1,64,0
197,72,4,426,1
38,825,2,127,0
55,632,4,394,1
542,226,1,229,0
80,1407,6,215,1
758,387,1,413,1
893,856,10,213,1
834,1314,6,388,1
261,1019,9,116,1
50,1013,2,255,0
344,176,10,83,1
807,55,1,394,1
194,1160,7,274,1
233,986,1,493,1
389,1372,8,347,1
545,1083,2,114,0
966,705,3,368,1
999,1294,7,286,1
618,382,2,271,0
911,802,0,327,1
301,774,7,271,1
555,129,0,430,1
84,1262,4,415,1
224,568,6,15,1
907,1277,4,129,0
48,218,6,402,1
231,1303,5,32,0
698,1496,6,7,1
742,622,5,76,0
760,715,9,139,1
143,1487,5,472,1
892,279,4,143,0
613,160,4,326,1
345,1493,2,358,1
311,546,10,41,1
676,945,0,237,0
497,411,1,467,1
728,863,1,208,0
255,1302,10,328,1
472,84,9,152,1
82,660,2,41,0
928,712,9,368,1
149,1066,2,194,0
347,1456,5,88,0
960,1202,4,228,0
864,139,7,217,1
768,1265,4,102,0
254,1294,8,172,1
227,954,4,217,0
648,87,3,220,0
529,227,9,87,1
712,1191,4,483,1
482,966,2,323,1
863,167,0,180,0
416,837,1,302,1
576,1279,0,189,0
709,1162,8,398,1
779,685,5,358,1
334,711,10,261,1
275,1218,6,471,1
399,461,2,356,1
399,699,9,158,1
933,1182,9,340,1
520,775,9,307,1
442,1337,0,24,0
826,432,10,217,1
690,1173,2,72,0
622,219,4,355,1
55,717,8,465,1
291,1189,3,408,1
447,105,9,486,1
725,322,7,281,1
600,467,8,227,1
230,1314,3,199,0
264,1021,9,482,1
41,922,4,16,0
211,809,10,326,1
283,564,3,300,0
333,1087,5,6,0
345,1119,0,97,0
804,273,9,50,1
504,357,8,301,1
722,898,0,152,0
841,770,2,113,0
681,1206,3,493,1
241,543,3,486,1
774,636,0,101,0
826,1041,1,39,0
17,52,9,149,1
52,257,10,175,1
979,364,7,208,1
857,273,10,173,1
155,1174,3,168,0
220,548,6,367,1
681,491,8,84,1
354,395,0,86,0
986,630,6,63,1
595,548,4,338,1
109,677,6,139,1
674,842,1,277,0
841,1027,6,249,1
986,1428,6,48,1
32,1111,2,148,0
166,1186,10,448,1
282,347,10,17,1
68,1486,8,94,1
556,334,3,459,1
479,1093,1,204,0
519,951,5,123,0
459,294,5,473,1
211,106,3,25,0
273,441,8,414,1
343,1117,1,156,0
34,153,5,422,1
802,417,1,5,0
264,1021,5,149,0
439,51,7,35,1
868,1386,5,428,1
103,1144,6,325,1
688,476,1,463,1
670,1184,1,394,1
158,986,0,64,0
470,252,0,142,0
152,535,0,112,0
667,1114,8,324,1
467,109,10,163,1
224,954,9,53,1
836,1028,9,167,1
496,134,2,323,1
309,627,7,252,1
132,83,8,336,1
527,1113,6,59,1
669,1431,5,32,0
480,81,7,245,1
193,628,3,468,1
962,723,9,57,1
387,1485,7,165,1
867,1293,0,155,0
206,1078,0,438,1
839,1183,0,420,1
413,551,4,256,0
500,1432,10,353,1
139,1008,9,151,1
485,760,3,352,1
468,345,6,137,1
964,977,7,422,1
86,1111,2,266,0
290,180,7,52,1
839,883,6,462,1
437,68,7,385,1
587,84,2,327,1
410,607,6,244,1
535,1142,8,365,1
381,695,7,466,1
320,320,5,159,0
653,1254,5,35,0
493,370,8,307,1
489,34,2,267,0
728,729,6,123,1
46,497,10,149,1
761,1272,0,414,1
106,846,8,116,1
913,1228,6,134,1
698,368,5,497,1
237,702,2,464,1
240,713,1,480,1
366,898,10,27,1
44,549,3,428,1
361,1332,5,346,1
382,1288,5,110,0
940,53,0,5,0
678,486,6,87,1
970,206,6,362,1
375,504,3,98,0
70,126,10,34,1
217,405,4,250,0
637,1139,2,295,0
110,1350,4,330,1
554,639,8,259,1
874,116,3,481,1
813,841,4,187,0
437,1433,1,441,1
54,615,3,253,0
114,1391,10,282,1
250,1163,4,417,1
531,1292,10,7,1
12,796,8,209,1
354,1431,3,52,0
277,161,0,33,0
538,928,6,215,1
9,1095,4,391,1
259,821,9,498,1
101,176,6,484,1
619,458,10,82,1
217,1474,6,311,1
37,970,0,354,1
833,736,4,413,1
480,1491,10,302,1
733,50,3,82,0
457,592,7,226,1
439,277,3,347,1
885,717,8,226,1
970,596,7,301,1
765,390,10,496,1
616,563,1,223,0
825,1441,2,322,1
12,664,6,389,1
77,1214,0,21,0
44,805,9,106,1
822,174,9,241,1
528,1027,7,199,1
549,518,7,202,1
240,269,9,46,1
953,1453,3,150,0
466,1378,4,461,1
122,1013,5,110,0
498,496,5,93,0
624,1261,5,489,1
199,1041,3,415,1
624,619,9,483,1
970,696,1,480,1
840,290,4,231,0
273,486,8,79,1
758,1462,3,202,0
240,315,4,180,0
964,221,0,203,0
426,633,8,466,1
682,666,4,197,0
488,644,5,348,1
55,427,7,415,1
268,561,4,490,1
42,798,1,384,1
404,672,7,350,1
985,584,7,389,1
681,410,10,441,1
927,712,3,429,1
565,899,4,145,0
8,275,7,158,1
644,483,2,335,1
963,1494,1,284,0
73,657,6,16,1
670,689,1,133,0
176,61,2,326,1
668,708,6,272,1
57,549,0,87,0
920,1242,2,1,0
994,916,2,38,0
986,1158,2,206,0
364,1142,9,190,1
91,181,0,8,0
379,816,4,10,0
726,1335,7,250,1
611,110,0,411,1
497,592,1,1,0
756,266,1,121,0
579,437,1,8,0
960,1434,6,91,1
230,1489,2,499,1
662,211,6,391,1
471,1335,10,112,1
789,1092,5,25,0
207,1243,3,165,0
600,1367,4,247,0
118,601,4,181,0
675,1174,8,409,1
792,1103,9,205,1
925,883,9,183,1
44,1338,0,351,1
695,1459,4,305,1
217,588,7,345,1
707,887,2,451,1
464,204,6,101,1
250,857,1,103,0
516,473,6,254,1
57,575,7,60,1
609,559,3,473,1
644,242,4,338,1
322,48,9,168,1
356,493,5,455,1
277,491,5,442,1
411,248,9,277,1
11,465,8,244,1
599,482,6,57,1
249,247,5,466,1
732,1146,2,228,0
334,281,7,155,1
916,707,9,48,1
150,810,1,183,0
405,1241,2,7,0
800,814,0,409,1
283,94,4,288,0
194,53,10,365,1
465,23,9,383,1
759,626,2,378,1
1000,241,4,421,1
377,211,8,10,1
962,189,9,349,1
208,363,6,218,1
215,980,4,150,0
995,1055,4,493,1
507,1229,4,365,1
771,774,8,63,1
573,987,2,304,1
75,1297,9,354,1
949,211,5,116,0
723,280,1,172,0
106,88,6,111,1
82,879,1,133,0
417,1462,6,130,1
744,149,6,32,1
713,545,4,230,0
16,1146,5,404,1
952,1349,9,128,1
376,1027,0,372,1
228,1411,10,149,1
227,409,10,387,1
798,929,0,301,1
627,785,8,393,1
683,1340,10,97,1
252,1308,1,158,0
887,255,9,100,1
287,1296,1,65,0
868,1062,0,126,0
287,1295,1,489,1
636,1138,2,54,0
624,316,4,471,1
227,873,3,94,0
912,1252,1,471,1
712,1132,2,82,0
675,916,1,185,0
925,928,5,192,0
164,904,2,310,1
927,859,7,281,1
999,665,6,60,1
191,1367,0,215,0
130,1338,10,169,1
86,1439,3,476,1
313,247,8,423,1
447,723,8,204,1
18,1041,10,53,1
302,326,9,392,1
612,36,9,347,1
570,766,9,27,1
220,140,7,250,1
440,612,9,312,1
955,1479,9,437,1
239,1161,3,210,0
313,257,6,286,1
924,1292,0,159,0
963,580,4,276,0
482,1250,0,384,1
791,1345,3,147,0
817,820,5,280,0
368,534,6,370,1
53,878,1,270,0
112,1154,8,495,1
509,281,2,63,0
393,867,1,12,0
310,1390,6,449,1
896,579,1,29,0
931,835,6,85,1
310,429,7,133,1
787,1312,4,113,0
710,916,3,452,1
690,856,7,490,1
209,401,6,293,1
39,470,4,268,0
609,1050,6,41,1
982,1340,10,202,1
501,984,10,85,1
590,1082,10,371,1
603,1118,3,125,0
444,888,5,233,0
382,1194,2,93,0
631,458,2,312,1
26,1076,2,401,1
692,956,0,143,0
646,45,6,254,1
90,1214,5,337,1
21,470,0,420,1
359,664,4,342,1
662,1119,0,50,0
998,1194,9,391,1
555,594,2,274,0
559,761,5,298,0
282,923,6,76,1
61,1359,9,413,1
809,958,3,29,0
522,395,7,91,1
293,141,7,297,1
888,865,8,190,1
429,835,9,163,1
478,56,0,256,0
441,1000,4,475,1
924,1443,1,84,0
338,889,1,387,1
164,1427,8,215,1
560,416,4,212,0
254,286,8,34,1
251,725,6,113,1
110,1364,5,33,0
538,394,3,433,1
825,515,1,287,0
62,753,4,121,0
909,511,4,264,0
916,1189,0,403,1
268,769,0,454,1
670,880,9,199,1
801,1028,1,26,0
662,1012,10,225,1
670,916,9,24,1
825,1450,7,187,1
275,47,1,46,0
287,1031,8,69,1
574,309,5,153,0
884,922,4,145,0
36,1027,10,261,1
645,816,1,457,1
592,1479,8,274,1
544,1173,2,112,0
632,420,2,6,0
414,921,4,39,0
49,867,8,232,1
119,787,7,205,1
170,1336,8,427,1
25,48,8,365,1
442,62,4,205,0
119,1093,5,301,1
491,400,10,357,1
567,1318,8,72,1
426,235,1,28,0
202,39,1,414,1
166,1164,1,317,1
125,1350,7,57,1
305,1261,3,127,0
272,311,8,94,1
151,547,9,488,1
836,131,4,126,0
442,119,9,13,1
163,1222,8,500,1
61,429,5,1,0
318,1092,1,103,0
263,1302,2,144,0
990,302,5,105,0
850,1332,7,398,1
161,822,10,438,1
960,251,7,417,1
434,1403,0,459,1
589,732,8,183,1
400,460,3,51,0
765,321,9,78,1
505,328,5,279,0
762,712,5,316,1
122,499,4,161,0
836,1177,4,189,0
477,643,0,453,1
906,179,5,90,0
282,405,10,447,1
41,1419,10,391,1
7,1428,0,499,1
348,1210,7,475,1
188,1342,1,332,1
204,556,1,401,1
122,1375,1,323,1
377,498,2,365,1
519,852,10,165,1
693,1108,0,452,1
159,1197,8,10,1
414,959,6,156,1
739,1044,4,50,0
511,1243,10,282,1
953,96,9,17,1
317,88,4,149,0
499,373,1,255,0
425,699,1,464,1
231,251,8,203,1
749,1322,6,219,1
173,195,8,197,1
346,514,1,193,0
903,666,4,136,0
282,798,1,82,0
286,212,0,281,0
316,811,10,449,1
191,615,10,273,1
655,1374,3,152,0
929,607,10,209,1
959,1289,8,38,1
813,1480,7,42,1
986,800,2,432,1
581,456,6,491,1
994,259,7,319,1
537,321,5,443,1
274,28,5,402,1
648,688,2,113,0
3,684,5,491,1
437,442,7,143,1
524,81,5,96,0
188,1489,2,81,0
533,527,5,317,1
710,883,6,56,1
430,238,10,488,1
462,1048,1,147,0
34,296,4,471,1
381,1409,7,17,1
119,365,0,374,1
323,397,2,41,0
646,1477,3,344,1
419,783,2,64,0
731,1454,7,457,1
455,755,7,277,1
334,1066,4,401,1
943,721,10,382,1
532,986,7,200,1
197,380,0,69,0
469,1098,3,101,0
220,629,3,1,0
185,629,3,266,0
241,1330,4,127,0
264,1144,5,445,1
993,182,5,20,0
4,385,1,418,1
590,889,4,462,1
192,868,10,491,1
775,1316,3,95,0
60,642,8,84,1
220,420,10,209,1
573,1006,10,400,1
269,1240,10,451,1
888,894,3,142,0
68,872,8,14,1
67,334,5,49,0
602,248,7,16,1
416,627,1,34,0
911,1220,4,488,1
597,347,5,311,1
577,377,3,44,0
684,734,9,313,1
975,717,10,256,1
36,1359,3,478,1
407,938,3,62,0
677,418,6,477,1
940,1392,0,402,1
675,925,3,205,0
514,1003,4,160,0
203,405,0,441,1
393,715,2,158,0
209,985,9,186,1
948,707,3,7,0
322,1374,2,159,0
959,1309,8,381,1
365,1026,1,490,1
651,996,1,53,0
246,1076,9,185,1
195,1228,9,438,1
948,473,9,140,1
953,1431,10,99,1
827,422,3,478,1
267,710,5,423,1
964,873,5,19,0
482,1492,0,483,1
635,1301,0,77,0
350,200,10,159,1
961,163,2,118,0
497,1425,3,43,0
315,1492,7,407,1
345,762,9,85,1
524,215,10,296,1
981,709,0,471,1
807,75,2,157,0
200,459,9,320,1
299,928,1,237,0
270,108,0,401,1
671,680,1,5,0
135,512,10,465,1
982,42,2,478,1
780,846,9,97,1
865,580,4,137,0
727,1250,10,178,1
977,175,8,250,1
912,1144,5,330,1
492,1388,0,359,1
877,482,1,379,1
5,606,7,213,1
611,782,0,307,1
292,1385,1,205,0
337,503,2,187,0
734,891,6,86,1
79,140,3,269,0
507,1088,6,133,1
905,76,2,80,0
670,1215,5,347,1
748,1292,8,439,1
966,826,0,56,0
362,1059,6,396,1
906,802,3,314,1
597,23,7,315,1
501,218,8,320,1
10,150,5,31,0
909,452,6,183,1
74,853,0,115,0
998,309,6,391,1
41,1036,5,227,0
107,919,5,335,1
320,1345,10,398,1
943,538,8,492,1
983,179,8,343,1
946,1155,8,41,1
462,381,5,122,0
321,1170,4,468,1
817,805,10,96,1
191,371,0,37,0
344,1174,10,215,1
36,739,0,273,0
262,1181,9,481,1
592,92,6,319,1
593,1317,3,11,0
439,1479,0,164,0
412,893,4,101,0
882,1017,8,351,1
714,1084,1,261,0
971,424,6,284,1
987,58,5,274,0
80,114,6,372,1
788,154,6,333,1
764,345,7,88,1
572,928,3,61,0
670,896,2,92,0
558,1106,4,269,0
772,1150,4,494,1
888,253,3,296,0
999,83,10,28,1
831,1150,0,129,0
226,560,7,428,1
875,48,8,391,1
141,1159,0,212,0
34,1453,9,380,1
634,1111,6,21,1
798,148,6,6,1
348,899,8,456,1
917,140,5,153,0
403,857,5,359,1
74,1361,10,456,1
276,1413,2,305,1
537,613,6,122,1
59,842,1,21,0
269,908,9,495,1
181,1327,1,403,1
257,772,10,420,1
476,539,4,7,0
768,865,1,353,1
663,821,1,247,0
921,693,0,5,0
387,658,3,378,1
784,1286,2,345,1
987,1346,2,283,0
867,1093,9,198,1
952,1371,2,328,1
575,400,10,491,1
982,140,5,423,1
644,162,2,377,1
380,1077,0,225,0
425,151,7,299,1
841,760,10,303,1
471,422,8,204,1
284,778,6,59,1
271,213,6,247,1
149,1370,4,102,0
271,1219,2,19,0
608,521,7,182,1
377,1148,8,462,1
707,1411,5,218,0
501,551,8,275,1
348,100,0,180,0
343,1116,8,39,1
383,1356,8,38,1
687,938,10,264,1
429,141,7,267,1
383,71,6,462,1
831,1029,3,490,1
693,714,0,216,0
712,1312,0,480,1
119,434,8,65,1
44,286,8,129,1
897,417,1,417,1
663,1262,4,259,0
939,317,10,310,1
690,1409,6,269,1
275,1037,6,403,1
686,625,7,181,1
699,1157,10,96,1
350,1173,5,295,0
149,1423,8,72,1
294,1146,3,476,1
918,1113,1,18,0
289,1024,9,215,1
965,591,5,428,1
417,139,9,295,1
559,363,1,237,0
369,336,10,410,1
637,826,7,54,1
556,92,3,452,1
586,474,10,136,1
900,982,8,473,1
379,249,1,313,1
622,730,8,489,1
347,103,3,13,0
462,418,1,392,1
825,481,9,359,1
939,888,1,162,0
287,996,9,298,1
557,625,10,204,1
442,1316,5,69,0
989,207,4,400,1
618,313,5,433,1
389,1491,6,82,1
446,654,3,217,0
876,1126,1,340,1
164,837,2,148,0
635,954,2,388,1
841,674,4,88,0
206,997,0,209,0
927,195,0,479,1
605,1437,1,94,0
813,916,10,199,1
570,602,2,151,0
107,386,2,322,1
825,1443,10,269,1
640,313,10,265,1
648,1247,6,215,1
373,1038,6,104,1
652,1373,7,106,1
253,1230,0,440,1
240,1320,2,256,0
13,443,5,103,0
791,174,4,265,0
867,669,4,267,0
837,853,5,226,0
771,1359,4,366,1
564,1417,9,111,1
731,211,6,335,1
568,1088,5,136,0
186,803,5,222,0
484,1400,2,112,0
966,644,4,477,1
70,636,0,421,1
15,865,0,145,0
111,1275,4,138,0
379,840,9,433,1
565,1376,4,228,0
968,960,7,410,1
490,136,7,10,1
316,972,6,102,1
40,980,0,32,0
357,381,4,127,0
214,1425,2,50,0
513,444,6,329,1
920,771,10,2,1
458,956,8,198,1
46,1072,6,496,1
682,628,8,12,1
279,171,5,136,0
338,915,2,174,0
537,1309,8,413,1
515,1093,3,28,0
577,1308,9,456,1
709,1398,1,496,1
840,334,0,458,1
920,1063,4,233,0
487,1390,3,487,1
680,1331,4,392,1
941,254,5,59,0
289,155,2,83,0
797,490,4,230,0
590,978,3,214,0
724,476,4,152,0
651,789,0,212,0
688,1357,6,73,1
83,1275,10,44,1
117,525,4,216,0
248,109,7,180,1
525,1323,10,420,1
72,48,7,306,1
895,689,9,20,1
694,144,1,228,0
68,1073,5,487,1
323,498,4,166,0
977,1262,0,198,0
973,1234,2,268,0
701,623,8,80,1
54,629,8,222,1
622,56,6,138,1
894,435,8,417,1
415,1155,4,194,0
463,1445,3,440,1
633,114,5,498,1
572,563,4,148,0
492,1386,8,360,1
95,1111,5,410,1
795,786,3,444,1
188,22,0,145,0
463,277,6,72,1
909,485,1,412,1
251,486,2,97,0
823,882,6,410,1
687,1112,5,367,1
863,469,7,342,1
699,1456,8,277,1
528,538,8,345,1
413,161,9,321,1
315,391,7,166,1
983,566,1,462,1
554,426,8,75,1
704,1222,10,17,1
776,865,4,448,1
621,766,2,412,1
382,286,4,104,0
558,1011,0,370,1
645,399,3,2,0
542,570,10,487,1
961,756,9,483,1
434,1015,6,201,1
463,1347,10,461,1
268,1097,4,63,0
992,676,8,485,1
718,1181,6,12,1
977,953,8,316,1
949,1355,8,62,1
555,639,2,92,0
493,656,1,19,0
269,1442,1,310,1
190,608,2,384,1
210,648,6,373,1
319,988,10,57,1
321,767,6,60,1
500,530,0,390,1
235,892,8,35,1
521,843,2,14,0
8,1488,10,286,1
742,1096,2,107,0
46,686,5,36,0
118,330,9,54,1
112,1082,5,401,1
238,1233,7,376,1
882,1480,10,203,1
514,1321,6,63,1
997,553,4,39,0
533,428,4,481,1
501,247,9,28,1
54,478,7,54,1
10,1185,2,7,0
953,664,4,88,0
685,1296,0,479,1
543,384,7,491,1
839,289,10,160,1
164,1291,10,373,1
647,1224,2,374,1
492,1160,7,254,1
530,504,4,96,0
851,186,6,42,1
18,1085,7,420,1
331,879,0,418,1
16,945,6,262,1
789,370,8,365,1
843,632,2,259,0
59,685,7,497,1
512,457,8,253,1
696,118,4,15,0
310,636,0,133,0
269,595,10,123,1
254,89,2,39,0
366,996,6,445,1
326,714,10,132,1
941,210,5,477,1
209,1305,4,237,0
335,303,3,206,0
663,1177,6,446,1
320,1058,5,281,0
481,1424,0,284,0
100,1254,0,280,0
27,760,9,345,1
176,1209,2,195,0
477,1132,1,234,0
211,849,3,352,1
146,1351,9,444,1
473,647,5,324,1
937,1102,9,117,1
159,254,9,311,1
181,326,1,385,1
223,1246,8,400,1
247,634,1,239,0
894,465,5,110,0
477,315,2,133,0
598,1289,9,408,1
382,1237,6,478,1
830,646,9,141,1
373,442,8,141,1
826,78,6,252,1
96,121,1,79,0
807,195,7,25,1
136,1146,7,193,1
677,152,10,307,1
920,78,7,29,1
40,802,6,424,1
738,1066,1,43,0
398,105,4,169,0
187,820,6,342,1
892,1446,1,440,1
101,228,9,292,1
122,421,9,344,1
321,535,3,212,0
445,408,0,240,0
565,909,2,80,0
104,100,2,481,1
358,376,6,329,1
522,477,0,67,0
494,896,1,300,0
183,468,2,454,1
585,654,3,344,1
586,142,10,440,1
183,995,3,252,0
832,870,2,381,1
80,1283,4,236,0
734,557,1,119,0
372,1310,9,491,1
961,267,6,205,1
948,1184,3,221,0
95,483,8,29,1
440,645,4,8,0
938,840,0,380,1
370,148,10,258,1
914,1474,0,290,0
877,1392,7,271,1
988,1248,10,108,1
199,178,7,318,1
603,393,3,408,1
4,1440,7,213,1
871,429,7,299,1
899,41,0,461,1
820,975,9,205,1
117,724,6,480,1
306,727,8,480,1
747,555,6,233,1
577,505,3,345,1
951,203,10,443,1
95,1196,6,378,1
104,1088,2,275,0
40,739,6,167,1
338,214,7,13,1
639,674,10,350,1
327,612,9,477,1
697,831,1,422,1
1000,909,5,497,1
728,813,9,12,1
557,815,3,216,0
111,506,2,273,0
882,839,3,306,1
535,1148,8,483,1
386,870,7,290,1
537,1022,4,206,0
632,1411,8,335,1
771,1369,5,423,1
603,1344,1,24,0
12,79,1,398,1
143,1302,9,36,1
55,1435,10,70,1
51,248,0,362,1
824,1289,10,409,1
241,135,6,333,1
377,823,10,379,1
996,577,10,393,1
413,251,7,412,1
290,449,10,244,1
366,164,4,352,1
837,760,2,190,0
110,256,9,157,1
549,1209,2,365,1
516,1202,10,33,1
149,859,5,212,0
341,830,4,117,0
500,1017,7,373,1
692,115,2,255,0
158,370,1,353,1
229,1281,1,361,1
882,1291,9,161,1
757,162,1,258,0
162,557,0,269,0
746,585,8,226,1
784,288,2,146,0
699,812,2,361,1
493,1098,5,231,0
312,20,7,306,1
881,1075,6,324,1
919,511,9,261,1
984,982,4,94,0
395,1045,10,460,1
754,106,6,197,1
273,1397,8,171,1
44,1373,8,266,1
883,884,10,228,1
471,727,0,428,1
559,862,9,88,1
677,821,9,493,1
320,424,1,351,1
793,482,2,417,1
390,421,3,404,1
307,833,6,32,1
854,445,1,443,1
359,214,1,189,0
740,1192,7,104,1
880,911,6,367,1
362,1382,10,145,1
86,88,5,329,1
750,665,8,157,1
49,335,4,100,0
597,125,4,64,0
484,652,2,390,1
876,543,10,154,1
282,756,10,161,1
221,363,6,216,1
965,1435,3,105,0
212,457,0,439,1
244,1009,6,258,1
134,105,0,252,0
193,648,4,439,1
232,169,9,342,1
756,763,6,29,1
346,325,6,249,1
923,1403,0,112,0
56,1140,6,436,1
505,1080,10,163,1
710,413,0,298,0
50,1081,1,49,0
524,888,0,446,1
341,506,8,138,1
109,1224,5,244,0
759,1050,2,396,1
671,1273,0,466,1
578,363,6,51,1
302,580,6,260,1
897,912,8,156,1
854,1082,6,213,1
675,66,2,244,0
179,532,0,467,1
305,114,5,49,0
385,1015,9,269,1
194,459,3,92,0
876,887,0,66,0
177,925,5,418,1
783,1267,9,97,1
4,1027,4,174,0
981,131,7,486,1
948,860,3,414,1
391,148,9,253,1
580,1005,5,192,0
938,887,6,159,1
193,529,5,291,0
987,734,9,180,1
583,1385,7,33,1
467,720,10,500,1
66,647,3,336,1
348,571,2,270,0
760,1158,9,145,1
959,1352,10,249,1
975,265,10,323,1
453,1231,7,123,1
54,850,1,394,1
358,1285,3,278,0
854,970,7,131,1
134,1021,6,152,1
615,206,1,330,1
663,1351,4,439,1
983,810,2,333,1
656,626,7,146,1
878,387,3,133,0
47,547,8,260,1
875,904,9,263,1
743,141,3,118,0
388,311,7,264,1
134,1496,0,456,1
462,1018,7,491,1
813,927,2,353,1
297,243,2,431,1
121,163,1,317,1
832,890,8,471,1
177,950,4,346,1
162,907,3,327,1
337,652,0,257,0
318,247,9,129,1
749,1480,10,482,1
788,446,8,322,1
695,1253,6,273,1
888,1027,10,392,1
82,1463,3,312,1
426,724,8,73,1
227,828,3,241,0
125,1316,0,451,1
724,861,2,23,0
172,1412,1,289,0
95,36,7,417,1
931,263,5,9,0
644,74,9,161,1
352,996,8,243,1
948,1084,0,195,0
170,365,3,234,0
748,734,7,452,1
337,160,9,138,1
438,928,7,205,1
818,308,9,123,1
403,464,7,445,1
276,870,2,21,0
1,1281,9,273,1
612,1350,6,242,1
609,342,3,99,0
551,1457,9,370,1
706,1089,6,358,1
251,910,3,46,0
170,429,2,124,0
817,755,1,164,0
535,401,3,204,0
627,1403,2,130,0
853,1434,5,430,1
592,648,10,408,1
957,205,0,240,0
348,582,5,497,1
767,855,4,483,1
527,421,2,182,0
585,973,5,173,0
458,1251,9,146,1
46,717,1,2,0
921,1300,2,378,1
12,459,3,43,0
74,1152,6,187,1
894,800,10,94,1
163,40,5,454,1
678,1115,2,114,0
926,1448,9,401,1
857,54,9,187,1
332,761,10,308,1
943,1317,5,395,1
863,708,8,425,1
981,936,6,45,1
375,721,10,469,1
306,290,0,75,0
793,614,3,367,1
591,1057,0,476,1
115,898,2,451,1
845,181,0,407,1
537,759,0,372,1
914,321,2,466,1
884,135,6,354,1
728,994,9,342,1
481,1312,0,42,0
424,909,7,176,1
961,578,6,302,1
921,457,3,349,1
478,1227,9,417,1
106,1083,5,411,1
229,1284,7,37,1
259,497,1,433,1
547,1182,1,382,1
658,1414,5,3,0
604,550,8,386,1
338,1301,4,165,0
217,1068,7,300,1
32,554,0,465,1
201,99,5,188,0
188,509,3,403,1
391,1166,1,399,1
226,1123,0,15,0
953,1411,2,346,1
854,274,7,411,1
324,1049,3,302,1
233,1257,5,98,0
843,359,0,223,0
661,883,7,412,1
604,720,1,87,0
320,1302,0,427,1
202,871,6,156,1
993,640,2,473,1
744,394,2,370,1
172,654,5,368,1
95,27,10,458,1
925,885,7,477,1
850,1074,1,217,0
92,1261,0,56,0
920,726,0,80,0
345,160,8,94,1
563,771,7,176,1
429,264,3,313,1
388,613,1,192,0
628,1133,8,224,1
987,1220,6,245,1
454,824,4,141,0
792,458,6,89,1
93,635,9,442,1
154,1111,7,52,1
42,319,10,476,1
661,570,1,183,0
430,368,1,180,0
801,1306,1,184,0
623,103,10,498,1
934,156,8,217,1
898,1271,7,281,1
995,401,6,32,1
818,936,1,9,0
541,266,4,326,1
183,1211,8,375,1
521,136,8,325,1
258,818,7,154,1
709,604,10,379,1
169,685,0,420,1
475,548,5,461,1
868,1318,10,238,1
679,1252,9,162,1
167,1389,0,102,0
834,1115,6,461,1
940,1071,10,94,1
11,179,4,215,0
301,820,0,375,1
588,284,7,315,1
963,651,3,199,0
775,777,5,208,0
91,1241,6,427,1
42,1232,9,273,1
813,846,6,112,1
647,258,5,433,1
549,1297,0,163,0
641,796,7,454,1
48,355,10,79,1
128,1087,7,135,1
295,784,0,160,0
203,1260,5,141,0
743,211,10,342,1
136,212,5,312,1
215,1475,8,379,1
482,564,0,108,0
